Record ID_Pre,Event Name_Pre,NOME_Pre,SEXO_Pre,Autoavaliacao_Slider_Pre,Q1_Resposta_Pre,Q1_Score_Pre,Q1_Feedback_Pre,Q2_Resposta_Pre,Q2_Score_Pre,Q2_Feedback_Pre,Q3_Resposta_Pre,Q3_Score_Pre,Q3_Feedback_Pre,Q4_Resposta_Pre,Q4_Score_Pre,Q4_Feedback_Pre,Q5_Resposta_Pre,Q5_Score_Pre,Q5_Feedback_Pre,Q6_Resposta_Pre,Q6_Score_Pre,Q6_Feedback_Pre,Q7_Resposta_Pre,Q7_Score_Pre,Q7_Feedback_Pre,Q8_Resposta_Pre,Q8_Score_Pre,Q8_Feedback_Pre,Q9_Resposta_Pre,Q9_Score_Pre,Q9_Feedback_Pre,Score_Total_18_Pre,Nota_10_Pre,Percentual_Acerto_Pre,Classificacao_Geral_Pre,Nome_Norm,Record ID_Pos,Event Name_Pos,NOME_Pos,SEXO_Pos,Autoavaliacao_Slider_Pos,Q1_Resposta_Pos,Q1_Score_Pos,Q1_Feedback_Pos,Q2_Resposta_Pos,Q2_Score_Pos,Q2_Feedback_Pos,Q3_Resposta_Pos,Q3_Score_Pos,Q3_Feedback_Pos,Q4_Resposta_Pos,Q4_Score_Pos,Q4_Feedback_Pos,Q5_Resposta_Pos,Q5_Score_Pos,Q5_Feedback_Pos,Q6_Resposta_Pos,Q6_Score_Pos,Q6_Feedback_Pos,Q7_Resposta_Pos,Q7_Score_Pos,Q7_Feedback_Pos,Q8_Resposta_Pos,Q8_Score_Pos,Q8_Feedback_Pos,Q9_Resposta_Pos,Q9_Score_Pos,Q9_Feedback_Pos,Score_Total_18_Pos,Nota_10_Pos,Percentual_Acerto_Pos,Classificacao_Geral_Pos,NOME,Score_Total_Pre,Score_Total_Pos,Delta_Total,Delta_Nota,Delta_Pct,Ganho_Hake
3,Inquérito (Arm 1: Inquérito),Sayonara,Feminino,7.0,Cep  Pops   Membros   Grupo de estudo ,1,"Parcial: citou 2 elementos (TCLE/Aspectos Éticos, Documentos Regulatórios/Institucionais). O gabarito solicita quatro elementos essenciais.",Protocolar uma emenda para alteração ou inclusão de algum procedimento ,2,"Adequado: contemplou a submissão de emenda ao CEP, aguardar aprovação e preparo prévio (documentação/treinamento).",Em qualquer circunstância. É necessário pois pesquisas com humanos devem seguir os rigores éticos em pesquisa ,0,Incorreto: não indicou o momento temporal prévio exigido pelas resoluções éticas vigentes.,Informar e esclarecer ao participante qual a necessidade da sua participação no projeto. ,1,Parcial: contemplou apenas um dos eixos (esclarecimento da informação OU autonomia de participação).,Padronização de procedimentos e proteção ao participante.,2,Adequado: contemplou os dois pilares das BPC (proteção do participante e integridade/qualidade dos dados da pesquisa).,Relatar e registrar o erro.,1,Parcial: citou apenas uma das condutas (registro/notificação OU ação corretiva/preventiva).,Relatar ao supervisor/coordenador.   Registrar em arquivo. ,1,Parcial: indicou apenas o cuidado assistencial OU apenas o dever de registro/notificação.,Equipe tecnicamente habilitada   Espaço físico   Padronização de pops ,2,"Adequado: identificou 3 aspectos determinantes (Equipe qualificada/treinada, Infraestrutura e recursos físicos, Sistemas de qualidade / conformidade ética).",Registro atualizado e padronizado ,1,"Parcial: apontou 1 cuidado (Registro contemporâneo, preciso e padronizado (ALCOA)). Esperado: dois cuidados essenciais.",11,6.11,61.1,Intermediário / Conhecimento Parcial,sayonara,29,Inquérito (Arm 1: Inquérito),Sayonara,Feminino,9.0,Delegação   CRF   ISF  TCLE ,1,"Parcial: citou 2 elementos (TCLE/Aspectos Éticos, Documentos Regulatórios/Institucionais). O gabarito solicita quatro elementos essenciais.",Solicitar uma ementa para incluir a alteração ao CEP ou patrocinador. ,1,"Parcial: mencionou o CEP/emenda, mas omitiu a exigência de aguardar a aprovação formal e treinar a equipe antes da implementação.","No início. Nenhum projeto envolvendo seres humanos deve tramitar sem a aprovação do CEP, pois devem respeitar os efeitos éticos. ",1,"Parcial: indicou o momento temporal correto (antes do início), mas não justificou o porquê.","Esclarecer a necessidade e importância do participante na pesquisa, comprovando a sua anuência. ",1,Parcial: contemplou apenas um dos eixos (esclarecimento da informação OU autonomia de participação).,Proteção dos participantes   Rastreabilidade ,2,Adequado: contemplou os dois pilares das BPC (proteção do participante e integridade/qualidade dos dados da pesquisa).,Registro em ata e acionamento do patrocinador. ,1,Parcial: citou apenas uma das condutas (registro/notificação OU ação corretiva/preventiva).,acionamento do comitê de ética e registro do evento adverso ,1,Parcial: indicou apenas o cuidado assistencial OU apenas o dever de registro/notificação.,Estrutura física   Equipe qualificada   Disponibilidade ,1,"Parcial: identificou 2 aspecto(s) (Equipe qualificada/treinada, Infraestrutura e recursos físicos). O gabarito requer 3 aspectos.",Atualização contemporânea dos documentos e arquivamento de todos os documentos originais. ,0,Incorreto: não apresentou cuidados essenciais relativos à integridade e rastreabilidade.,9,5.0,50.0,Intermediário / Conhecimento Parcial,Sayonara,11,9,-2,-1.1100000000000003,-11.100000000000001,-28.57142857142857
4,Inquérito (Arm 1: Inquérito),Talia Iasmin Pereira da Silva,Feminino,7.0,"Objetivos, metodologia, critérios de inclusão e exclusão e riscos e benefícios ",2,"Adequado: identificou 4 elementos essenciais (Objetivos, Metodologia/Método, Critérios de Elegibilidade/Público, Riscos e Benefícios).",Informar o comitê de ética em pesquisa por meio de emenda,1,"Parcial: mencionou o CEP/emenda, mas omitiu a exigência de aguardar a aprovação formal e treinar a equipe antes da implementação.","Antes de iniciar a pesquisa, para avaliar a projeto de pesquisa e proteger o participante",2,Adequado: apontou o momento correto (antes do início de qualquer atividade) e justificou com a proteção ética/segurança dos participantes.,Informar o participante sobre o protocolo e coletar sua assinatura para ciência da sua participação no projeto de pesquisa ,1,Parcial: contemplou apenas um dos eixos (esclarecimento da informação OU autonomia de participação).,ter a ciência do comitê de ética sobre a pesquisa e ser transparente com o participante sobre os procedimentos que serão realizados ,1,Parcial: contemplou apenas um dos dois pilares fundamentais das Boas Práticas Clínicas.,Deve informar o comitê de ética sobre o desvio ,1,Parcial: citou apenas uma das condutas (registro/notificação OU ação corretiva/preventiva).,"Priorizar o bem estar do paciente, se possível interromper novos recrutamentos e informar o cep ",2,Adequado: indicou o dever prioritário de assistência/segurança ao participante e o registro/notificação aos responsáveis (patrocinador/CEP).,Ter infraestrutura adequada; ter pessoas qualificadas e estimar a quantidade de participantes de acordo com o cronograma do estudo,2,"Adequado: identificou 3 aspectos determinantes (Equipe qualificada/treinada, Infraestrutura e recursos físicos, Capacidade de recrutamento e retenção).",Utilizar uma ID padrão e armazenar as informações na nuvem ,2,"Adequado: apontou cuidados consistentes (Registro contemporâneo, preciso e padronizado (ALCOA), Armazenamento seguro e controle de acesso).",14,7.78,77.8,Avançado / Alto Domínio,talia iasmin pereira da silva,31,Inquérito (Arm 1: Inquérito),Talia Iasmin Pereira da Silva,Feminino,9.0,"ISF, CRFs, TCLE, Critérios de inclusão e exclusão, riscos e benefícios ",1,"Parcial: citou 3 elementos (TCLE/Aspectos Éticos, Critérios de Elegibilidade/Público, Riscos e Benefícios). O gabarito solicita quatro elementos essenciais.",Solicitar uma emenda para apreciação do cep ,1,"Parcial: mencionou o CEP/emenda, mas omitiu a exigência de aguardar a aprovação formal e treinar a equipe antes da implementação.",Antes de iniciar ,1,"Parcial: indicou o momento temporal correto (antes do início), mas não justificou o porquê.",Garantir que todos os princípios éticos se apliquem ao participante ,0,Insuficiente: não expressou a finalidade ética central do consentimento livre e esclarecido.,Rastreabilidade dos dados e ética com o participante ,2,Adequado: contemplou os dois pilares das BPC (proteção do participante e integridade/qualidade dos dados da pesquisa).,Acionar o Comitê de ética  e registrar o desvio ético ,1,Parcial: citou apenas uma das condutas (registro/notificação OU ação corretiva/preventiva).,Priorizar o bem estar do participante e registrar o a evento adverso ,2,Adequado: indicou o dever prioritário de assistência/segurança ao participante e o registro/notificação aos responsáveis (patrocinador/CEP).,Ter infraestrutura  Ter profissionais qualificados  Ter recurso   ,1,"Parcial: identificou 2 aspecto(s) (Equipe qualificada/treinada, Infraestrutura e recursos físicos). O gabarito requer 3 aspectos.",Registro de todos os dados de forma contemporânea e armazenamento em nuvem ,1,Parcial: apontou 1 cuidado (Armazenamento seguro e controle de acesso). Esperado: dois cuidados essenciais.,10,5.56,55.6,Intermediário / Conhecimento Parcial,Talia Iasmin Pereira da Silva,14,10,-4,-2.2200000000000006,-22.199999999999996,-100.0
5,Inquérito (Arm 1: Inquérito),Ana Luiza Leite Vasconcelos,Feminino,,"Tema, pesquisa, objetivo e método ",1,"Parcial: citou 3 elementos (Objetivos, Metodologia/Método, Justificativa/Introdução/Problema). O gabarito solicita quatro elementos essenciais.","Não sei, nunca fiz um projeto, só publicação de artigo ",0,Incorreto: não mencionou a submissão de emenda ao CEP nem trâmites éticos regulatórios.,Por conta da ética e segurança dos participantes ,2,Adequado: apontou o momento correto (antes do início de qualquer atividade) e justificou com a proteção ética/segurança dos participantes.,,0,Sem resposta ou não soube responder.,Proteção e segurança do participante ,1,Parcial: contemplou apenas um dos dois pilares fundamentais das Boas Práticas Clínicas.,Registro e documentação assinados ,1,Parcial: citou apenas uma das condutas (registro/notificação OU ação corretiva/preventiva).,Comunicação ,1,Parcial: indicou apenas o cuidado assistencial OU apenas o dever de registro/notificação.,,0,Sem resposta ou não soube responder.,,0,Sem resposta ou não soube responder.,6,3.33,33.3,Básico / Necessita Fortalecimento,ana luiza leite vasconcelos,23,Inquérito (Arm 1: Inquérito),Ana Luiza Leite Vasconcelos,Feminino,8.0,"Título, objetivo, cronograma e metodologia ",1,"Parcial: citou 3 elementos (Objetivos, Metodologia/Método, Cronograma). O gabarito solicita quatro elementos essenciais.",Submeter ao CEP ,1,"Parcial: mencionou o CEP/emenda, mas omitiu a exigência de aguardar a aprovação formal e treinar a equipe antes da implementação.","Antes de iniciar, para verificar os aspectos éticos, de segurança … em que os participantes se sintam seguros.",2,Adequado: apontou o momento correto (antes do início de qualquer atividade) e justificou com a proteção ética/segurança dos participantes.,Permitir que os pacientes saibam dos benefícios e riscos do estudo.,1,Parcial: contemplou apenas um dos eixos (esclarecimento da informação OU autonomia de participação).,Confiabilidade e qualidade.,1,Parcial: contemplou apenas um dos dois pilares fundamentais das Boas Práticas Clínicas.,"Documentar o desvio, e avaliar possíveis impactos ou riscos aos pacientes.",1,Parcial: citou apenas uma das condutas (registro/notificação OU ação corretiva/preventiva).,Acredito que seja registrar e prestar apoio ao paciente,1,Parcial: indicou apenas o cuidado assistencial OU apenas o dever de registro/notificação.,"Capacidade de cumprir o protocolo, recursos disponíveis e qualificação da equipe ",1,"Parcial: identificou 2 aspecto(s) (Equipe qualificada/treinada, Infraestrutura e recursos físicos). O gabarito requer 3 aspectos.",Armazenamento seguro e de possível rastreabilidade ,2,"Adequado: apontou cuidados consistentes (Armazenamento seguro e controle de acesso, Auditoria e controle de qualidade documental).",11,6.11,61.1,Intermediário / Conhecimento Parcial,Ana Luiza Leite Vasconcelos,6,11,5,2.7800000000000002,27.800000000000004,41.66666666666667
6,Inquérito (Arm 1: Inquérito),Tássila de Oliveira Silva,Feminino,4.0,Aprovação de comitês de ética;  Um problema a ser resolvido;  Um impacto que esse projeto ou protocolo de pesquisa possa causar.  ,1,"Parcial: citou 2 elementos (TCLE/Aspectos Éticos, Justificativa/Introdução/Problema). O gabarito solicita quatro elementos essenciais.","Notificar os chefes que coordenam esse projeto, para que haja a análise de possíveis mudanças que podem acontecer. ",0,Incorreto: não mencionou a submissão de emenda ao CEP nem trâmites éticos regulatórios.,"Desde o início da pesquisa, por se tratar de uma pesquisa envolvendo seres humanos, mesmo que sejam apenas amostras e não com a participação da pessoa física. A ética é essencialmente um pilar para o funcionamento de uma pesquisa, envolvendo ou não seres humanos, fundamental para o último.",1,"Parcial: indicou o momento temporal correto (antes do início), mas não justificou o porquê.","Além de se fazer clara a compreensão, o consentimento livre e esclarecido dá ao grupo que será utilizado como alvo a oportunidade de desistência a qualquer momento do projeto, entendimento do que será feito e utilizado, ou seja, a autonomia ao participante.",2,Adequado: contemplou tanto a autonomia/livre decisão voluntária quanto o pleno esclarecimento e compreensão das informações.,Manter a ética;  Garantia de resultados satisfatórios e confiáveis.,1,Parcial: contemplou apenas um dos dois pilares fundamentais das Boas Práticas Clínicas.,,0,Sem resposta ou não soube responder.,,0,Sem resposta ou não soube responder.,,0,Sem resposta ou não soube responder.,O registro dos dados pelo próprio pesquisador;  O controle de qualidade.,1,Parcial: apontou 1 cuidado (Auditoria e controle de qualidade documental). Esperado: dois cuidados essenciais.,6,3.33,33.3,Básico / Necessita Fortalecimento,tassila de oliveira silva,38,Inquérito (Arm 1: Inquérito),Tássila de Oliveira Silva,Feminino,8.0,"Objetivo  Cronograma  Metodologia  Problema a ser resolvido, ou que desencadeou o projeto/ pesquisa.  ",2,"Adequado: identificou 4 elementos essenciais (Objetivos, Metodologia/Método, Justificativa/Introdução/Problema, Cronograma).","É necessário que seja redigida una emenda, onde a modificação deve ser apontada (e também uma versão do texto limpo) e por fim ser submetido ao CEP, para que haja a aprovação e então a modificação é aplicada. ",2,"Adequado: contemplou a submissão de emenda ao CEP, aguardar aprovação e preparo prévio (documentação/treinamento).","Antes de qualquer coisa a pesquisa deve ter ética. Sendo assim, antes mesmo do projeto de fato começar é necessária essa análise, ao fazer alterações nesse projeto, em qualquer análise adicional, etc. A ética é fundamental.",1,"Parcial: indicou o momento temporal correto (antes do início), mas não justificou o porquê.","Garantir que o participante tenha ciência de tudo que lhe está sendo oferecido, autonomia para decidir tudo por si.",2,Adequado: contemplou tanto a autonomia/livre decisão voluntária quanto o pleno esclarecimento e compreensão das informações.,Garantir o bem estar dos participantes;   Garantir a confiabilidade dos dados oferecidos pela pesquisa. ,2,Adequado: contemplou os dois pilares das BPC (proteção do participante e integridade/qualidade dos dados da pesquisa).,Notificar o CEP sobre o desvio e analisar sua gravidade.  Fazer um treinamento com a equipe para que não haja a repetição do erro. ,2,Adequado: citou registro/notificação formal do desvio e adoção de ações corretivas/preventivas para evitar reincidência.,Prestar assistência imediata ao participante;  Notificar o patrocinador e o CEP nos prazos determinados. ,2,Adequado: indicou o dever prioritário de assistência/segurança ao participante e o registro/notificação aos responsáveis (patrocinador/CEP).,Os equipamentos;  A qualificação dos profissionais;  Capacidade de recrutamento  ,2,"Adequado: identificou 3 aspectos determinantes (Equipe qualificada/treinada, Infraestrutura e recursos físicos, Capacidade de recrutamento e retenção).",Implementação de uma trilha de auditoria;  Garantir que os dados sejam contemporâneos e exatos,2,"Adequado: apontou cuidados consistentes (Registro contemporâneo, preciso e padronizado (ALCOA), Auditoria e controle de qualidade documental).",17,9.44,94.4,Avançado / Alto Domínio,Tássila de Oliveira Silva,6,17,11,6.109999999999999,61.10000000000001,91.66666666666666
7,Inquérito (Arm 1: Inquérito),Rutilene Barbosa Souza,Feminino,,"Apresentação, pergunta de pesquisa, objetivos, metodologia",1,"Parcial: citou 2 elementos (Objetivos, Metodologia/Método). O gabarito solicita quatro elementos essenciais.",Escrever uma emenda para o CEP informando e solicitando aprovação da adequação. ,2,"Adequado: contemplou a submissão de emenda ao CEP, aguardar aprovação e preparo prévio (documentação/treinamento).",Uma pesquisa deve ser submetida ao CEP antes do início da coleta de qualquer dado. A finalidade de passar pelo CEP é para garantir a ética no uso dos dados do indivíduo e pela segurança do sigilo.,2,Adequado: apontou o momento correto (antes do início de qualquer atividade) e justificou com a proteção ética/segurança dos participantes.,"Informar e esclarecer o participante sobre a pesquisa, quais os benefícios e riscos envolvidos ao aceitar participar da pesquisa.",1,Parcial: contemplou apenas um dos eixos (esclarecimento da informação OU autonomia de participação).,Garantir a ética e proteção dos dados do participante.  Garantir a reprodutibilidade da pesquisa.,2,Adequado: contemplou os dois pilares das BPC (proteção do participante e integridade/qualidade dos dados da pesquisa).,"Corrigir o erro, se possível;  Excluir o dado.",1,Parcial: citou apenas uma das condutas (registro/notificação OU ação corretiva/preventiva).,"Informar e corrigir, se possível ",1,Parcial: indicou apenas o cuidado assistencial OU apenas o dever de registro/notificação.,"Se o centro tem capacidade de armazenar, gerenciar, rigidez na execução dos protocolos. E garantir o sigilo dos dados.",1,Parcial: identificou 1 aspecto(s) (Sistemas de qualidade / conformidade ética). O gabarito requer 3 aspectos.,Identificação correta (com um código);  Armazenamento ordenado. ,2,"Adequado: apontou cuidados consistentes (Registro contemporâneo, preciso e padronizado (ALCOA), Armazenamento seguro e controle de acesso).",13,7.22,72.2,Intermediário / Conhecimento Parcial,rutilene barbosa souza,22,Inquérito (Arm 1: Inquérito),Rutilene Barbosa,Feminino,,"Pergunta de pesquisa, objetivos, justificativa e metodologia ",1,"Parcial: citou 3 elementos (Objetivos, Metodologia/Método, Justificativa/Introdução/Problema). O gabarito solicita quatro elementos essenciais.",Escrever uma emenda ao CEP e aguardar a aprovação.,2,"Adequado: contemplou a submissão de emenda ao CEP, aguardar aprovação e preparo prévio (documentação/treinamento).","A submissão da proposta de pesquisa deve ser submetida antes do início do estudo. Pois, desta forma a segurança do participante é garantida.",2,Adequado: apontou o momento correto (antes do início de qualquer atividade) e justificou com a proteção ética/segurança dos participantes.,Que o participante tenha consciência e conhecimento do que será feito com ele ou amostra fornecida. E a partir do entendimento da proposta da pesquisa decidir se participará.,1,Parcial: contemplou apenas um dos eixos (esclarecimento da informação OU autonomia de participação).,"1- segurança do participante da pesquisa;  2- garantir a credibilidade, sigilo e rastreabilidade dos dados da pesquisa.",2,Adequado: contemplou os dois pilares das BPC (proteção do participante e integridade/qualidade dos dados da pesquisa).,1- corrigir(se possível)  2- registrar e promover ações para mitigar repetição de futuros erros.,2,Adequado: citou registro/notificação formal do desvio e adoção de ações corretivas/preventivas para evitar reincidência.,1 - ações para garantir a segurança  e integridade do participante;  2 - registrar para o estudo e notificar ao CEP,2,Adequado: indicou o dever prioritário de assistência/segurança ao participante e o registro/notificação aos responsáveis (patrocinador/CEP).,1-Infraestrutura;  2-equipe qualificada   3- capacidade de recrutamento dos participantes ,2,"Adequado: identificou 3 aspectos determinantes (Equipe qualificada/treinada, Infraestrutura e recursos físicos, Capacidade de recrutamento e retenção).",1- elaboracao do plano de gestão de qualidade e formulários pertinentes a pesquisa   2 - Fidelidade no registro e capacidade de manutenção desses formulários;  ,1,Parcial: apontou 1 cuidado (Registro de dados). Esperado: dois cuidados essenciais.,15,8.33,83.3,Avançado / Alto Domínio,Rutilene Barbosa Souza,13,15,2,1.1100000000000003,11.099999999999994,40.0
8,Inquérito (Arm 1: Inquérito),THIAGO MORAIS RODRIGUES,Masculino,10.0,"TCLE, projeto escrito, declaração de compromisso e termo de anuência.",1,"Parcial: citou 2 elementos (TCLE/Aspectos Éticos, Documentos Regulatórios/Institucionais). O gabarito solicita quatro elementos essenciais.",informar ao órgão responsável pelo cep do projeto.,1,"Parcial: mencionou o CEP/emenda, mas omitiu a exigência de aguardar a aprovação formal e treinar a equipe antes da implementação.",Antes de se iniciar a coleta de material e os experimentos.,1,"Parcial: indicou o momento temporal correto (antes do início), mas não justificou o porquê.",Esclarecimento.,1,Parcial: contemplou apenas um dos eixos (esclarecimento da informação OU autonomia de participação).,descarte adequado do material biológico e armazenamento adequado das amostras.,0,Incorreto: não identificou os objetivos essenciais preconizados pelo ICH-GCP / Boas Práticas Clínicas.,não repetir novamente o procedimento e revisar protocolo.,1,Parcial: citou apenas uma das condutas (registro/notificação OU ação corretiva/preventiva).,avaliar o evento e achar formas de supera-lo.,0,Incorreto ou genérico: não contemplou as condutas primordiais preconizadas em eventos adversos.,"equipe capacitada, infraestrutura e recurso.",1,"Parcial: identificou 2 aspecto(s) (Equipe qualificada/treinada, Infraestrutura e recursos físicos). O gabarito requer 3 aspectos.",uma ficha de perguntas completa e um tcle bem estruturado.,0,Incorreto: não apresentou cuidados essenciais relativos à integridade e rastreabilidade.,6,3.33,33.3,Básico / Necessita Fortalecimento,thiago morais rodrigues,26,Inquérito (Arm 1: Inquérito),THIAGO MORAIS RODRIGUES,Masculino,10.0,"TCLE, projeto escrito, declaração de compromisso, declaração de anuência.",1,"Parcial: citou 2 elementos (TCLE/Aspectos Éticos, Documentos Regulatórios/Institucionais). O gabarito solicita quatro elementos essenciais.",fazer uma ementa e submeter ao cep.,1,"Parcial: mencionou o CEP/emenda, mas omitiu a exigência de aguardar a aprovação formal e treinar a equipe antes da implementação.","no início do projeto, antes de iniciar os experimentos.",1,"Parcial: indicou o momento temporal correto (antes do início), mas não justificou o porquê.",esclarecimento.,1,Parcial: contemplou apenas um dos eixos (esclarecimento da informação OU autonomia de participação).,realizar a coleta de toda a documentação durante a aplicação do protocolo e um TCLE descomplica e de fácil entendimento.,0,Incorreto: não identificou os objetivos essenciais preconizados pelo ICH-GCP / Boas Práticas Clínicas.,interromper o procedimento e revisar o protocolo.,1,Parcial: citou apenas uma das condutas (registro/notificação OU ação corretiva/preventiva).,"agir de forma que controle evento adverso da melhor forma, garantido o bem estar do participante e notificar o cep.",2,Adequado: indicou o dever prioritário de assistência/segurança ao participante e o registro/notificação aos responsáveis (patrocinador/CEP).,"infraestrutura, equipe preparada e orçamento.",1,"Parcial: identificou 2 aspecto(s) (Equipe qualificada/treinada, Infraestrutura e recursos físicos). O gabarito requer 3 aspectos.",bom armazenamento e informações claras e completas.,1,Parcial: apontou 1 cuidado (Armazenamento seguro e controle de acesso). Esperado: dois cuidados essenciais.,9,5.0,50.0,Intermediário / Conhecimento Parcial,THIAGO MORAIS RODRIGUES,6,9,3,1.67,16.700000000000003,25.0
9,Inquérito (Arm 1: Inquérito),Hillquias Monteiro Moreira,Masculino,,"Planejamento, ética, recurso financeiro e pessoa qualificada.",0,Insuficiente: citou apenas 1 elemento(s). Necessário elencar quatro componentes estruturais.,Orientar a equipe ,0,Incorreto: não mencionou a submissão de emenda ao CEP nem trâmites éticos regulatórios.,No início ,1,"Parcial: indicou o momento temporal correto (antes do início), mas não justificou o porquê.",Garantia legal sobre a pesquisa ,0,Insuficiente: não expressou a finalidade ética central do consentimento livre e esclarecido.,Ética e qualidade,1,Parcial: contemplou apenas um dos dois pilares fundamentais das Boas Práticas Clínicas.,Rastreio e correção do procedimento ,0,Incorreto: condutas não condizentes com as Boas Práticas Clínicas para gestão de desvios.,,0,Sem resposta ou não soube responder.,"Estrutura, planejamento e recursos humanos qualificados.",1,"Parcial: identificou 2 aspecto(s) (Equipe qualificada/treinada, Infraestrutura e recursos físicos). O gabarito requer 3 aspectos.",,0,Sem resposta ou não soube responder.,3,1.67,16.7,Básico / Necessita Fortalecimento,hillquias monteiro moreira,28,Inquérito (Arm 1: Inquérito),Hillquias Monteiro Moreira,Masculino,9.0,"Planejamento, ética, recursos financeiros e recursos humanos qualificados.",1,"Parcial: citou 2 elementos (TCLE/Aspectos Éticos, Orçamento/Financiamento). O gabarito solicita quatro elementos essenciais.",Solicitar uma emenda ao comitê de ética ,1,"Parcial: mencionou o CEP/emenda, mas omitiu a exigência de aguardar a aprovação formal e treinar a equipe antes da implementação.",Deve ser a primeira etapa ,0,Incorreto: não indicou o momento temporal prévio exigido pelas resoluções éticas vigentes.,Garantir o conhecimento ao paciente com finalidade do consentimento ,1,Parcial: contemplou apenas um dos eixos (esclarecimento da informação OU autonomia de participação).,O participante é prioridade e padronização nos protocolos ,2,Adequado: contemplou os dois pilares das BPC (proteção do participante e integridade/qualidade dos dados da pesquisa).,Rastreio e notificação do ocorrido ,1,Parcial: citou apenas uma das condutas (registro/notificação OU ação corretiva/preventiva).,Notificação e registro,1,Parcial: indicou apenas o cuidado assistencial OU apenas o dever de registro/notificação.,"Estrutura, proteção de dados e recursos humanos qualificados.",1,"Parcial: identificou 2 aspecto(s) (Equipe qualificada/treinada, Infraestrutura e recursos físicos). O gabarito requer 3 aspectos.",Uso de redcap e padronização dos protocolos ,0,Incorreto: não apresentou cuidados essenciais relativos à integridade e rastreabilidade.,8,4.44,44.4,Básico / Necessita Fortalecimento,Hillquias Monteiro Moreira,3,8,5,2.7700000000000005,27.7,33.33333333333333
13,Inquérito (Arm 1: Inquérito),Fabio,Masculino,2.0,Metodologia clara do que será realizado.  Delimitação do escopo da pesquisa.  Objetivos e/ou metas relacionadas ao projeto.,1,"Parcial: citou 2 elementos (Objetivos, Metodologia/Método). O gabarito solicita quatro elementos essenciais.",Discutir e analisar o impacto das adequações das modificações no projeto. ,0,Incorreto: não mencionou a submissão de emenda ao CEP nem trâmites éticos regulatórios.,"O projeto deve ser submetido ao CEP logo no início, antes da execucao das atividades relacionadas a pesquisa.",1,"Parcial: indicou o momento temporal correto (antes do início), mas não justificou o porquê.",Aprovaçao do paciente para utilização do material coletado na pesquisa,0,Insuficiente: não expressou a finalidade ética central do consentimento livre e esclarecido.,,0,Sem resposta ou não soube responder.,"Registrar o que foi alterado na execucao.  Discutir o porque os procedimentos foram executados com as alteracoes, a fim de avaliar possíveis adaptações.",2,Adequado: citou registro/notificação formal do desvio e adoção de ações corretivas/preventivas para evitar reincidência.,,0,Sem resposta ou não soube responder.,,0,Sem resposta ou não soube responder.,,0,Sem resposta ou não soube responder.,4,2.22,22.2,Básico / Necessita Fortalecimento,fabio,27,Inquérito (Arm 1: Inquérito),Fabio,Masculino,6.0,Delimitação do grupo de amostragem de acordo com os objetivos do projeto de pesquisa.  ,1,"Parcial: citou 2 elementos (Objetivos, Critérios de Elegibilidade/Público). O gabarito solicita quatro elementos essenciais.","Notificar o CEP sobre a alteração, e esperar a deliberação para a implementação das mudanças na execução do estudo.",1,"Parcial: mencionou o CEP/emenda, mas omitiu a exigência de aguardar a aprovação formal e treinar a equipe antes da implementação.",Deve ser submetido o projeto ao CEP antes da execução de qualquer atividade prevista no projeto.,1,"Parcial: indicou o momento temporal correto (antes do início), mas não justificou o porquê.",Certificar que o participante tenha ciencia do que será realizado e o seu consentimento para a execução.,1,Parcial: contemplou apenas um dos eixos (esclarecimento da informação OU autonomia de participação).,,0,Sem resposta ou não soube responder.,O desvio ou Violação da execução deve ser notificada o quanto antes ao CEP. Deve ser avaliado a causa da alteração.,0,Incorreto: condutas não condizentes com as Boas Práticas Clínicas para gestão de desvios.,,0,Sem resposta ou não soube responder.,Verificar se o centro apresenta infraestrutura adequada para o projeto.  ,1,Parcial: identificou 1 aspecto(s) (Infraestrutura e recursos físicos). O gabarito requer 3 aspectos.,,0,Sem resposta ou não soube responder.,5,2.78,27.8,Básico / Necessita Fortalecimento,Fabio,4,5,1,0.5599999999999996,5.600000000000001,7.142857142857142
14,Inquérito (Arm 1: Inquérito),Liandra Dias da Silva,Feminino,,"objetivos, publico-alvo, testes a serem realizados, resultados esperados ",1,"Parcial: citou 2 elementos (Objetivos, Critérios de Elegibilidade/Público). O gabarito solicita quatro elementos essenciais.","Revisar o projeto e verificar o que precisa ser alterado, informar o CEP por meio de declaração e aguardar a aprovação para realizar alteração por meio da plataforma Brasil ",2,"Adequado: contemplou a submissão de emenda ao CEP, aguardar aprovação e preparo prévio (documentação/treinamento).","antes de iniciar a execução do projeto, pois é necessário que o CEP tenha conhecimento do projeto, das etapas e os objetivos, público-alvo e avaliar os riscos, benefícios e se está de acordo com as normas éticas",2,Adequado: apontou o momento correto (antes do início de qualquer atividade) e justificou com a proteção ética/segurança dos participantes.,"informar ao participante sobre a pesquisa, quais riscos e benefícios, deixando claro que a participação é opcional ",2,Adequado: contemplou tanto a autonomia/livre decisão voluntária quanto o pleno esclarecimento e compreensão das informações.,,0,Sem resposta ou não soube responder.,"avaliar o processo executado e registrar todas as etapas realizadas, revisar com a equipe e refazer o teste segundo o protocolo. ",2,Adequado: citou registro/notificação formal do desvio e adoção de ações corretivas/preventivas para evitar reincidência.,registro de execução de todo o processo para garantir rastreabilidade e reunir todos os responsáveis envolvidos para revisar todo o acontecimento ,1,Parcial: indicou apenas o cuidado assistencial OU apenas o dever de registro/notificação.,"rastreabilidade, garantia do sigilo dos dados e execução do estudo clínico, garantia dos aspectos éticos  pelo centro ",1,Parcial: identificou 1 aspecto(s) (Sistemas de qualidade / conformidade ética). O gabarito requer 3 aspectos.,registro de atividades realizadas e registro em código de cada smostra/material biológico e afins ,1,"Parcial: apontou 1 cuidado (Registro contemporâneo, preciso e padronizado (ALCOA)). Esperado: dois cuidados essenciais.",12,6.67,66.7,Intermediário / Conhecimento Parcial,liandra dias da silva,36,Inquérito (Arm 1: Inquérito),LIANDRA DIAS DA SILVA,Feminino,9.0,"Objetivo, quem vai fazer parte da equipe, quais funções e quem será responsável por essas função, informações sobre todas as etapas",0,Insuficiente: citou apenas 1 elemento(s). Necessário elencar quatro componentes estruturais.,"Informa ao CEP sobre a alteração e adicionar uma emenda informando sobre a alteração do projeto e anexar os documentos necessários podendo ser carta de anuência, dentre outros",1,"Parcial: mencionou o CEP/emenda, mas omitiu a exigência de aguardar a aprovação formal e treinar a equipe antes da implementação.","Toda pesquisa que envolve seres humanos deve ser submetida ao CEP para garantir a integridade, segurança e bem-estar do participante",1,"Parcial: apresentou a justificativa ética de proteção aos participantes, mas não explicitou que deve ser anterior ao início das atividades.",Garantir os direitos do participante mantendo o sigilo das informações obtidas afim de garantir o seu bem estar.  Além do participante ficar ciente e esclarecido sobre os riscos e benefícios,1,Parcial: contemplou apenas um dos eixos (esclarecimento da informação OU autonomia de participação).,Confiabiliade dos dados e segurança dos participantes,2,Adequado: contemplou os dois pilares das BPC (proteção do participante e integridade/qualidade dos dados da pesquisa).,"Revisar o protocolo utilizado, informar o CEP sobre a modificação e o patrocionador, acessar os registros do procedimento realizado.",2,Adequado: citou registro/notificação formal do desvio e adoção de ações corretivas/preventivas para evitar reincidência.,"Registrar o ocorrido, garantir a segurança e o atendimento do participante em todo o processo, buscar a causalidade e comunicar ao patrocinador de imediato",2,Adequado: indicou o dever prioritário de assistência/segurança ao participante e o registro/notificação aos responsáveis (patrocinador/CEP).,"estrutura adequada, equipe capacitada e sistema de qualidade",2,"Adequado: identificou 3 aspectos determinantes (Equipe qualificada/treinada, Infraestrutura e recursos físicos, Sistemas de qualidade / conformidade ética).",registro contemporaneo de todas as etapas e procedimentos realizados e notificação de desvios quando for o caso,1,"Parcial: apontou 1 cuidado (Registro contemporâneo, preciso e padronizado (ALCOA)). Esperado: dois cuidados essenciais.",12,6.67,66.7,Intermediário / Conhecimento Parcial,Liandra Dias da Silva,12,12,0,0.0,0.0,0.0
15,Inquérito (Arm 1: Inquérito),Diego de Souza Gonçalves,Masculino,3.0,"POPS, delegação, fichamento de procedimentos e documentação dos dados",0,Insuficiente: citou apenas 1 elemento(s). Necessário elencar quatro componentes estruturais.,Realizar um treinamento,1,"Parcial: abordou a documentação/treinamento interno, mas omitiu a submissão regulatória obrigatória de emenda ao CEP.",Antes de iniciar o projeto. Para que possa ser avaliados os riscos e garantir o bem estar dos participantes ,2,Adequado: apontou o momento correto (antes do início de qualquer atividade) e justificou com a proteção ética/segurança dos participantes.,Ter a autorização e ciência sobre o projeto e todas as nuanças ,1,Parcial: contemplou apenas um dos eixos (esclarecimento da informação OU autonomia de participação).,Garantir a reprodutibilidade e rastreabilidade dos processos.,1,Parcial: contemplou apenas um dos dois pilares fundamentais das Boas Práticas Clínicas.,Deve ser aberto uma não conformidade e planejado a possível execução de uma ação reparadora ,2,Adequado: citou registro/notificação formal do desvio e adoção de ações corretivas/preventivas para evitar reincidência.,Notificar a não conformidade e parar a atividade ,2,Adequado: indicou o dever prioritário de assistência/segurança ao participante e o registro/notificação aos responsáveis (patrocinador/CEP).,"Estrutura, documentação e ",1,"Parcial: identificou 2 aspecto(s) (Infraestrutura e recursos físicos, Sistemas de qualidade / conformidade ética). O gabarito requer 3 aspectos.",Documentação de todas as etapas e registro ,1,Parcial: apontou 1 cuidado (Registro de dados). Esperado: dois cuidados essenciais.,11,6.11,61.1,Intermediário / Conhecimento Parcial,diego de souza goncalves,25,Inquérito (Arm 1: Inquérito),Diego de Souza Gonçalves,Masculino,9.0,"Delegação, CRFs, POPs, aprovação do CEP",1,"Parcial: citou 2 elementos (TCLE/Aspectos Éticos, Documentos Regulatórios/Institucionais). O gabarito solicita quatro elementos essenciais.",Ela deve ser submetida e aprovada pelo CEP,1,"Parcial: mencionou o CEP/emenda, mas omitiu a exigência de aguardar a aprovação formal e treinar a equipe antes da implementação.",Antes de iniciar. Para garantir a segurança e integridade do participante.,2,Adequado: apontou o momento correto (antes do início de qualquer atividade) e justificou com a proteção ética/segurança dos participantes.,Ter a concordância e liberação desse paciente para utilizar suas informações e amostras para um determinado projeto.,1,Parcial: contemplou apenas um dos eixos (esclarecimento da informação OU autonomia de participação).,Segurança e confiabilidade dos registros mediante a padronização das atividades ,2,Adequado: contemplou os dois pilares das BPC (proteção do participante e integridade/qualidade dos dados da pesquisa).,Deve ser registrado um desvio e adotada uma ação corretiva ,1,Parcial: citou apenas uma das condutas (registro/notificação OU ação corretiva/preventiva).,Suspender a atividade e relatar o desvio ,1,Parcial: indicou apenas o cuidado assistencial OU apenas o dever de registro/notificação.,"Estrutura física, equipe ",1,"Parcial: identificou 2 aspecto(s) (Equipe qualificada/treinada, Infraestrutura e recursos físicos). O gabarito requer 3 aspectos.",O registro documental das informações e ,1,Parcial: apontou 1 cuidado (Registro de dados). Esperado: dois cuidados essenciais.,11,6.11,61.1,Intermediário / Conhecimento Parcial,Diego de Souza Gonçalves,11,11,0,0.0,0.0,0.0
16,Inquérito (Arm 1: Inquérito),Beatriz,Feminino,6.0,"Introdução, Resumo, Objetivos, Metodologia",1,"Parcial: citou 3 elementos (Objetivos, Metodologia/Método, Justificativa/Introdução/Problema). O gabarito solicita quatro elementos essenciais.",O pesquisador deve submeter a alteração ao Comitê de Ética responsável antes de colocar a alteração em prática,1,"Parcial: mencionou o CEP/emenda, mas omitiu a exigência de aguardar a aprovação formal e treinar a equipe antes da implementação.","Deve ser submetida antes de qualquer procedimento envolvendo seres humanos, porque antes deve ser analisado se a conduta e os procedimentos a serem adotados estão de acordo com os princípios éticos regidos em legislação",2,Adequado: apontou o momento correto (antes do início de qualquer atividade) e justificou com a proteção ética/segurança dos participantes.,Garantir que o participante esteja participando da pesquisa voluntariamente e que tenha entendido tudo que acontecerá com ele durante o estudo,2,Adequado: contemplou tanto a autonomia/livre decisão voluntária quanto o pleno esclarecimento e compreensão das informações.,Padronização de técnicas e garantia da qualidade ,1,Parcial: contemplou apenas um dos dois pilares fundamentais das Boas Práticas Clínicas.,"registrar o que aconteceu, e se possível tomar medidas corretivas e notificar ao CEP",2,Adequado: citou registro/notificação formal do desvio e adoção de ações corretivas/preventivas para evitar reincidência.,Registrar o efeito adverso e notificar ao CEP,1,Parcial: indicou apenas o cuidado assistencial OU apenas o dever de registro/notificação.,Equipe treinada e qualificada  Fluxo de trabalho  Controle de qualidade  ,1,"Parcial: identificou 2 aspecto(s) (Equipe qualificada/treinada, Sistemas de qualidade / conformidade ética). O gabarito requer 3 aspectos.","Ter um local de armazenamento com controle de acesso e sempre registrar em tempo real os acontecimentos, tendo espaço para data e hora do preenchimento ",2,"Adequado: apontou cuidados consistentes (Registro contemporâneo, preciso e padronizado (ALCOA), Armazenamento seguro e controle de acesso).",13,7.22,72.2,Intermediário / Conhecimento Parcial,beatriz,30,Inquérito (Arm 1: Inquérito),Beatriz Nogueira,Feminino,9.0,"Resumo, Justificativa, Objetivos, Metodologia",1,"Parcial: citou 3 elementos (Objetivos, Metodologia/Método, Justificativa/Introdução/Problema). O gabarito solicita quatro elementos essenciais.",O pesquisador deve deve enviar as alterações para apreciação do comitê de ética e somente aplicá-las após aprovação. ,2,"Adequado: contemplou a submissão de emenda ao CEP, aguardar aprovação e preparo prévio (documentação/treinamento).","Toda pesquisa que envolve seres humanos, seja para obtenção de material biológico ou de informações sobre ele, deve ser submetida à apreciação ética, afim de garantir a segurança e os direitos do participante durante a pesquisa. ",1,"Parcial: apresentou a justificativa ética de proteção aos participantes, mas não explicitou que deve ser anterior ao início das atividades.","O TCLE tem como finalidade informar o participante todo o procedimento que ele passará durante o estudo, incluindo riscos e benefícios, e seus direitos,  além de garantir que ele participe de forma voluntária.",2,Adequado: contemplou tanto a autonomia/livre decisão voluntária quanto o pleno esclarecimento e compreensão das informações.,Segurança do participante  Qualidade dos resultados ,2,Adequado: contemplou os dois pilares das BPC (proteção do participante e integridade/qualidade dos dados da pesquisa).,O procedimento deve ser registrado e medidas corretivas/preventivas devem ser implementadas,1,Parcial: citou apenas uma das condutas (registro/notificação OU ação corretiva/preventiva).,Notificar o patrocinador   Manter o participante em observação ,1,Parcial: indicou apenas o cuidado assistencial OU apenas o dever de registro/notificação.,Infraestrutura  Equipe qualificada  Financiamento ,1,"Parcial: identificou 2 aspecto(s) (Equipe qualificada/treinada, Infraestrutura e recursos físicos). O gabarito requer 3 aspectos.",Documentar todos os ocorridos na pesquisa;  Utilizar uma plataforma/banco de dados confiável ,0,Incorreto: não apresentou cuidados essenciais relativos à integridade e rastreabilidade.,11,6.11,61.1,Intermediário / Conhecimento Parcial,Beatriz,13,11,-2,-1.1099999999999994,-11.100000000000001,-40.0
17,Inquérito (Arm 1: Inquérito),Milena Daniela Souza Silva,Feminino,8.0,"Justificativa, objetivos , metodologia, aspectos éticos.",2,"Adequado: identificou 4 elementos essenciais (Objetivos, Metodologia/Método, TCLE/Aspectos Éticos, Justificativa/Introdução/Problema).","A alteração deve ser submetida como emenda ao CEP e implementada somente após a aprovação ética, exceto quando necessária para eliminar risco imediato aos participantes.",2,"Adequado: contemplou a submissão de emenda ao CEP, aguardar aprovação e preparo prévio (documentação/treinamento).","Antes do início da pesquisa, para garantir a proteção dos direitos, segurança, dignidade e bem estar dos participantes.",2,Adequado: apontou o momento correto (antes do início de qualquer atividade) e justificou com a proteção ética/segurança dos participantes.,"Garantir que o participante compreenda a pesquisa e decida, de forma livre e voluntária, se deseja participar.",2,Adequado: contemplou tanto a autonomia/livre decisão voluntária quanto o pleno esclarecimento e compreensão das informações.,"proteger os direitos, bem estar  e segurança dos participantes, bem como qualidade, integridade  dos dados da pesquisa.",2,Adequado: contemplou os dois pilares das BPC (proteção do participante e integridade/qualidade dos dados da pesquisa).,Documentar e comunicar o desvio de protocolo e adotar medidas corretivas e preventivas para evitar sua repetição.,2,Adequado: citou registro/notificação formal do desvio e adoção de ações corretivas/preventivas para evitar reincidência.,Avaliar e prestar a assistência necessária ao participante.,1,Parcial: indicou apenas o cuidado assistencial OU apenas o dever de registro/notificação.,"infraestrutura e equipamentos adequados, equipe treinada e qualificada, capacidade de de recrutar e acompanhar os participantes  seguindo o protocolo.",2,"Adequado: identificou 3 aspectos determinantes (Equipe qualificada/treinada, Infraestrutura e recursos físicos, Capacidade de recrutamento e retenção).","realizar registros completos,  assim como manter os dados armazenados de forma adequada e segura.",1,"Parcial: apontou 1 cuidado (Registro contemporâneo, preciso e padronizado (ALCOA)). Esperado: dois cuidados essenciais.",16,8.89,88.9,Avançado / Alto Domínio,milena daniela souza silva,35,Inquérito (Arm 1: Inquérito),Milena Daniela Souza Silva,Feminino,8.0,"Justificativa,  objetivos, aspectos éticos, metodologias ",2,"Adequado: identificou 4 elementos essenciais (Objetivos, Metodologia/Método, TCLE/Aspectos Éticos, Justificativa/Introdução/Problema).",Para o CEP será submetida com emenda e emplementada somente após aprovação  ética.,2,"Adequado: contemplou a submissão de emenda ao CEP, aguardar aprovação e preparo prévio (documentação/treinamento).","Antes do início da pesquisa, para garantir a proteção de direitos humanos, segurança, dignidade entre outros para promover o bem estar do participante.",2,Adequado: apontou o momento correto (antes do início de qualquer atividade) e justificou com a proteção ética/segurança dos participantes.,Garantir que o participante compreenda a pesquisa como um todo e decida de forma livre a participação voluntária. ,2,Adequado: contemplou tanto a autonomia/livre decisão voluntária quanto o pleno esclarecimento e compreensão das informações.,"proteger os direitos e bem estar, segurança  doa participantes bem como a integridade e qualidade dos dados da pesquisa.",2,Adequado: contemplou os dois pilares das BPC (proteção do participante e integridade/qualidade dos dados da pesquisa).,Documentar e comunicar o desvio de protocolos. Entre outros,1,Parcial: citou apenas uma das condutas (registro/notificação OU ação corretiva/preventiva).,Avaliar e prestar a assistência necessária para o participante .,1,Parcial: indicou apenas o cuidado assistencial OU apenas o dever de registro/notificação.,"Infraestrutura e equipamentos adequados , equipe qualificada e treinada.",1,"Parcial: identificou 2 aspecto(s) (Equipe qualificada/treinada, Infraestrutura e recursos físicos). O gabarito requer 3 aspectos.","Registros completos , armazenamento dos dados de forma adequada e  segura.",2,"Adequado: apontou cuidados consistentes (Registro contemporâneo, preciso e padronizado (ALCOA), Armazenamento seguro e controle de acesso).",15,8.33,83.3,Avançado / Alto Domínio,Milena Daniela Souza Silva,16,15,-1,-0.5600000000000005,-5.6000000000000085,-50.0
18,Inquérito (Arm 1: Inquérito),Caroline,Feminino,5.0,Projeto de estudo   Folha de rosto   Termo de confidencialidade   TCLE  ,1,"Parcial: citou 2 elementos (TCLE/Aspectos Éticos, Documentos Regulatórios/Institucionais). O gabarito solicita quatro elementos essenciais.",Submeter ao cep qual será a alteração e a alteração que vai ser feita e esclarecer-la ,1,"Parcial: mencionou o CEP/emenda, mas omitiu a exigência de aguardar a aprovação formal e treinar a equipe antes da implementação.","O momento em que precisamos de alguma forma lidar com seres humanos, utilizar questionário ou material biológico , deixar claro que explícito o que vamos utilizar porque precisamos e que dano ele pode ter por essa participação ",1,"Parcial: apresentou a justificativa ética de proteção aos participantes, mas não explicitou que deve ser anterior ao início das atividades.","Deixar claro para o participante quais são as medidas, benefícios, malefícios, deixá-lo ciente da sua participação , como será essa participação e deixar claro que ele pode ou não participar , é uma escolha dele ",2,Adequado: contemplou tanto a autonomia/livre decisão voluntária quanto o pleno esclarecimento e compreensão das informações.,Ter senso de organização e cuidados na área que vai trabalhar para não ocasionar acidentes no ambiente de pesquisa ,1,Parcial: contemplou apenas um dos dois pilares fundamentais das Boas Práticas Clínicas.,"E realizado a notificação do procedimento não realizado,  e verificar se isso atrapalha de alguma forma a continuação do estudo ",1,Parcial: citou apenas uma das condutas (registro/notificação OU ação corretiva/preventiva).,"Realizar a notificação, isso precisa ser registrado e tomar uma medida preventiva.",1,Parcial: indicou apenas o cuidado assistencial OU apenas o dever de registro/notificação.,"Se tem estrutura , um ambiente separado , higienizado e organizado para essa atividade. Uma equipe pra conduzir o estudo e equipamentos ou parcerias para ajudar a conduzir o estudo ",1,"Parcial: identificou 2 aspecto(s) (Equipe qualificada/treinada, Infraestrutura e recursos físicos). O gabarito requer 3 aspectos.","Protocolar e identificar, realizar um POP ou uma maneira padronizada de organização de documentos importantes , pode ser impresso em pastas por cores , ou em nuvem ",1,Parcial: apontou 1 cuidado (Armazenamento seguro e controle de acesso). Esperado: dois cuidados essenciais.,10,5.56,55.6,Intermediário / Conhecimento Parcial,caroline,24,Inquérito (Arm 1: Inquérito),Carol,Feminino,,Riscos e benefícios   Tipo de estudo   Objetivo   Metodologia ,1,"Parcial: citou 3 elementos (Objetivos, Metodologia/Método, Riscos e Benefícios). O gabarito solicita quatro elementos essenciais.",Submeter ao cep a mudança antes da aplicação ,1,"Parcial: mencionou o CEP/emenda, mas omitiu a exigência de aguardar a aprovação formal e treinar a equipe antes da implementação.",Quando o estudo está relacionado aos seres humanos e porque o comitê de ética e pesquisa tem como intuito proteger e resguardar o participante de qualquer risco durante e até depois do estudo ,1,"Parcial: apresentou a justificativa ética de proteção aos participantes, mas não explicitou que deve ser anterior ao início das atividades.",Deixar claro ao participantes todas as etapas do projeto de estudo que ele irá participar,0,Insuficiente: não expressou a finalidade ética central do consentimento livre e esclarecido.,"Manter a segurança da equipe , projeto e participantes   E ter uma organização delimitada do projeto ",1,Parcial: contemplou apenas um dos dois pilares fundamentais das Boas Práticas Clínicas.,Deve ser realizado o protocolo do desvio e comunicado ao cep ,0,Incorreto: condutas não condizentes com as Boas Práticas Clínicas para gestão de desvios.,"Realizar o protocolo de identificação desse evento , realizar um retreinamento ou medida preventiva e comunicar ao cep ",1,Parcial: indicou apenas o cuidado assistencial OU apenas o dever de registro/notificação.,Ter uma equipe qualificada   Um centro equipado   E uma metodologia de organização fundamentada ,1,Parcial: identificou 1 aspecto(s) (Equipe qualificada/treinada). O gabarito requer 3 aspectos.,Protocolar todo documento fonte   Utilizar uma plataforma como o redcap que auxilia na organização e padronização e guardar esses documento de forma segura e confidencial ,0,Incorreto: não apresentou cuidados essenciais relativos à integridade e rastreabilidade.,6,3.33,33.3,Básico / Necessita Fortalecimento,Caroline,10,6,-4,-2.2299999999999995,-22.300000000000004,-50.0
19,Inquérito (Arm 1: Inquérito),Joyce Kellen Marques dos Santos,Feminino,2.0,"Objetivos, patrocinador, título do estudo e termo de consentimento.",1,"Parcial: citou 3 elementos (Objetivos, TCLE/Aspectos Éticos, Orçamento/Financiamento). O gabarito solicita quatro elementos essenciais.",,0,Sem resposta ou não soube responder.,"Quando envolver coleta de dados, materiais biológicos, entrevistas, sendo preciso aprovação para prosseguir com o projeto, pois são informações que devem ser confidenciais. ",0,Incorreto: não indicou o momento temporal prévio exigido pelas resoluções éticas vigentes.,Para que saibam os objetivos e segurança do projeto que estão se voluntariando. ,2,Adequado: contemplou tanto a autonomia/livre decisão voluntária quanto o pleno esclarecimento e compreensão das informações.,,0,Sem resposta ou não soube responder.,,0,Sem resposta ou não soube responder.,,0,Sem resposta ou não soube responder.,"Ter pessoas qualificadas para realizar esse estudo, ter boas práticas clínicas.",1,Parcial: identificou 1 aspecto(s) (Equipe qualificada/treinada). O gabarito requer 3 aspectos.,,0,Sem resposta ou não soube responder.,4,2.22,22.2,Básico / Necessita Fortalecimento,joyce kellen marques dos santos,33,Inquérito (Arm 1: Inquérito),Joyce Kellen Marques dos Santos,Feminino,9.0,"Equipe qualificada, instalações adequadas, equipamentos apropriados e processos e procedimentos. ",0,Insuficiente: citou apenas 0 elemento(s). Necessário elencar quatro componentes estruturais.,"Antes de implementar, a alteração precisa ser enviada para o CEP para poder obter a aprovação novamente. ",2,"Adequado: contemplou a submissão de emenda ao CEP, aguardar aprovação e preparo prévio (documentação/treinamento).","Em todos os momentos que envolver os seres humanos, porque precisa assegurar a segurança e o bem estar das pessoas participantes. ",2,Adequado: apontou o momento correto (antes do início de qualquer atividade) e justificou com a proteção ética/segurança dos participantes.,"É garantir a autonomia do participante, assegurando que ele receba todas as informações de forma clara e acessível, para decidir se quer participar do estudo clínico ou não. ",2,Adequado: contemplou tanto a autonomia/livre decisão voluntária quanto o pleno esclarecimento e compreensão das informações.,Prioridade do participante e confidencialidade e privacidade. ,1,Parcial: contemplou apenas um dos dois pilares fundamentais das Boas Práticas Clínicas.,Avaliar e mitigar os riscos imediatos desse desvio e registrar e notificar ao CEP. ,2,Adequado: citou registro/notificação formal do desvio e adoção de ações corretivas/preventivas para evitar reincidência.,Prestar assistência médica ao participante e relatar e registrar o ocorrido conforme o protocolo. ,2,Adequado: indicou o dever prioritário de assistência/segurança ao participante e o registro/notificação aos responsáveis (patrocinador/CEP).,"Pessoal qualificado, instalações adequadas e população e capacidade de recrutamento. ",2,"Adequado: identificou 3 aspectos determinantes (Equipe qualificada/treinada, Infraestrutura e recursos físicos, Capacidade de recrutamento e retenção).",Implementação de uma gestão de dados e documentação detalhada. ,1,Parcial: apontou 1 cuidado (Registro de dados). Esperado: dois cuidados essenciais.,14,7.78,77.8,Avançado / Alto Domínio,Joyce Kellen Marques dos Santos,4,14,10,5.5600000000000005,55.599999999999994,71.42857142857143
21,Inquérito (Arm 1: Inquérito),Poliana Lopes de Siqueira Tavares,Feminino,8.0,* Problema de pesquisa e Objetivos  * Metodologia  * Resultados e discussão   * Referências ,1,"Parcial: citou 3 elementos (Objetivos, Metodologia/Método, Justificativa/Introdução/Problema). O gabarito solicita quatro elementos essenciais.","Submeter a alteração novamente ao Comitê de Ética em Pesquisa, detalhar as alterações justificando por que a mudança é necessária e aguardar a aprovação.",2,"Adequado: contemplou a submissão de emenda ao CEP, aguardar aprovação e preparo prévio (documentação/treinamento).","Antes de qualquer início de coleta de dados ou contato com participantes. Para verificar se o protocolo respeita os princípios éticos na  pesquisa com seres humanos, quanto a dignidade,  avaliação de riscos e benefícios, além de assegurar o consentimento do participante na pesquisa com a assinatura do TCLE.",2,Adequado: apontou o momento correto (antes do início de qualquer atividade) e justificou com a proteção ética/segurança dos participantes.,"Garantir o esclarecimento do participante quanto os benefícios, riscos, garantir a confiabilidade no tratamento dos dados.",1,Parcial: contemplou apenas um dos eixos (esclarecimento da informação OU autonomia de participação).,garantir a qualidade  e confiavilidade dos dados  garantir a rastreabilidade dos dados  ,1,Parcial: contemplou apenas um dos dois pilares fundamentais das Boas Práticas Clínicas.,realizar o registro da inconformidade e rever o protocolo para minimizar os erros futuros,2,Adequado: citou registro/notificação formal do desvio e adoção de ações corretivas/preventivas para evitar reincidência.,Documentar o evento adverso e garantir a assistência ao participante.,2,Adequado: indicou o dever prioritário de assistência/segurança ao participante e o registro/notificação aos responsáveis (patrocinador/CEP).,Estrutura e tecnologias   Equipe qualificada  Regulamentações  e programa de qualidade,2,"Adequado: identificou 3 aspectos determinantes (Equipe qualificada/treinada, Infraestrutura e recursos físicos, Sistemas de qualidade / conformidade ética).",Registros contemporaneos  Registrar adequadamente ,1,"Parcial: apontou 1 cuidado (Registro contemporâneo, preciso e padronizado (ALCOA)). Esperado: dois cuidados essenciais.",14,7.78,77.8,Avançado / Alto Domínio,poliana lopes de siqueira tavares,32,Inquérito (Arm 1: Inquérito),Poliana Lopes de Siqueira Tavares,Feminino,9.0,Objetivos  Justificativa   Metodologia   cronograma ,2,"Adequado: identificou 4 elementos essenciais (Objetivos, Metodologia/Método, Justificativa/Introdução/Problema, Cronograma).",submeter uma emenda ao CEP e aguardar aprovação   antes de implementar alterações.,2,"Adequado: contemplou a submissão de emenda ao CEP, aguardar aprovação e preparo prévio (documentação/treinamento).",Antes de qualquer coleta de dados ou protocolos do projeto. Garantir a segurança ética e regulatória do estudo e garantir a segurança dos participantes.,2,Adequado: apontou o momento correto (antes do início de qualquer atividade) e justificou com a proteção ética/segurança dos participantes.,"Garantir a segurança e o respeito à autonomia do participante, assegurando que ele tome uma decisão voluntária e fundamentada sobre sua participação em um estudo.",1,Parcial: contemplou apenas um dos eixos (esclarecimento da informação OU autonomia de participação).,Rastreabilidade  Vonfialibilidade dos dados,1,Parcial: contemplou apenas um dos dois pilares fundamentais das Boas Práticas Clínicas.,Mitigar e Notificar: Registrar o desvio + Comunicar o CEP / Patrocinador.  ​Investigar e Corrigir a Causa: Retreinamento + Ajuste do processo (CAPA).,2,Adequado: citou registro/notificação formal do desvio e adoção de ações corretivas/preventivas para evitar reincidência.,Registrar e comunicar o evento adverso ao CEP e ao patrocinator.  Garantir assistência ao participante.  ,2,Adequado: indicou o dever prioritário de assistência/segurança ao participante e o registro/notificação aos responsáveis (patrocinador/CEP).,Estrutura e equipamentos  Equipe de pesquisa qualificada  Documentação regulatória ,2,"Adequado: identificou 3 aspectos determinantes (Equipe qualificada/treinada, Infraestrutura e recursos físicos, Sistemas de qualidade / conformidade ética).",Registro contemporâneo   Banco de dados rastreável ,1,"Parcial: apontou 1 cuidado (Registro contemporâneo, preciso e padronizado (ALCOA)). Esperado: dois cuidados essenciais.",15,8.33,83.3,Avançado / Alto Domínio,Poliana Lopes de Siqueira Tavares,14,15,1,0.5499999999999998,5.5,25.0
