Record ID,Event Name,NOME,SEXO,Autoavaliacao_Slider,Q1_Resposta,Q1_Score,Q1_Feedback,Q2_Resposta,Q2_Score,Q2_Feedback,Q3_Resposta,Q3_Score,Q3_Feedback,Q4_Resposta,Q4_Score,Q4_Feedback,Q5_Resposta,Q5_Score,Q5_Feedback,Q6_Resposta,Q6_Score,Q6_Feedback,Q7_Resposta,Q7_Score,Q7_Feedback,Q8_Resposta,Q8_Score,Q8_Feedback,Q9_Resposta,Q9_Score,Q9_Feedback,Score_Total_18,Nota_10,Percentual_Acerto,Classificacao_Geral
3,Inquérito (Arm 1: Inquérito),Sayonara,Feminino,7.0,Cep  Pops   Membros   Grupo de estudo ,1,"Parcial: citou 2 elementos (TCLE/Aspectos Éticos, Documentos Regulatórios/Institucionais). O gabarito solicita quatro elementos essenciais.",Protocolar uma emenda para alteração ou inclusão de algum procedimento ,2,"Adequado: contemplou a submissão de emenda ao CEP, aguardar aprovação e preparo prévio (documentação/treinamento).",Em qualquer circunstância. É necessário pois pesquisas com humanos devem seguir os rigores éticos em pesquisa ,0,Incorreto: não indicou o momento temporal prévio exigido pelas resoluções éticas vigentes.,Informar e esclarecer ao participante qual a necessidade da sua participação no projeto. ,1,Parcial: contemplou apenas um dos eixos (esclarecimento da informação OU autonomia de participação).,Padronização de procedimentos e proteção ao participante.,2,Adequado: contemplou os dois pilares das BPC (proteção do participante e integridade/qualidade dos dados da pesquisa).,Relatar e registrar o erro.,1,Parcial: citou apenas uma das condutas (registro/notificação OU ação corretiva/preventiva).,Relatar ao supervisor/coordenador.   Registrar em arquivo. ,1,Parcial: indicou apenas o cuidado assistencial OU apenas o dever de registro/notificação.,Equipe tecnicamente habilitada   Espaço físico   Padronização de pops ,2,"Adequado: identificou 3 aspectos determinantes (Equipe qualificada/treinada, Infraestrutura e recursos físicos, Sistemas de qualidade / conformidade ética).",Registro atualizado e padronizado ,1,"Parcial: apontou 1 cuidado (Registro contemporâneo, preciso e padronizado (ALCOA)). Esperado: dois cuidados essenciais.",11,6.11,61.1,Intermediário / Conhecimento Parcial
4,Inquérito (Arm 1: Inquérito),Talia Iasmin Pereira da Silva,Feminino,7.0,"Objetivos, metodologia, critérios de inclusão e exclusão e riscos e benefícios ",2,"Adequado: identificou 4 elementos essenciais (Objetivos, Metodologia/Método, Critérios de Elegibilidade/Público, Riscos e Benefícios).",Informar o comitê de ética em pesquisa por meio de emenda,1,"Parcial: mencionou o CEP/emenda, mas omitiu a exigência de aguardar a aprovação formal e treinar a equipe antes da implementação.","Antes de iniciar a pesquisa, para avaliar a projeto de pesquisa e proteger o participante",2,Adequado: apontou o momento correto (antes do início de qualquer atividade) e justificou com a proteção ética/segurança dos participantes.,Informar o participante sobre o protocolo e coletar sua assinatura para ciência da sua participação no projeto de pesquisa ,1,Parcial: contemplou apenas um dos eixos (esclarecimento da informação OU autonomia de participação).,ter a ciência do comitê de ética sobre a pesquisa e ser transparente com o participante sobre os procedimentos que serão realizados ,1,Parcial: contemplou apenas um dos dois pilares fundamentais das Boas Práticas Clínicas.,Deve informar o comitê de ética sobre o desvio ,1,Parcial: citou apenas uma das condutas (registro/notificação OU ação corretiva/preventiva).,"Priorizar o bem estar do paciente, se possível interromper novos recrutamentos e informar o cep ",2,Adequado: indicou o dever prioritário de assistência/segurança ao participante e o registro/notificação aos responsáveis (patrocinador/CEP).,Ter infraestrutura adequada; ter pessoas qualificadas e estimar a quantidade de participantes de acordo com o cronograma do estudo,2,"Adequado: identificou 3 aspectos determinantes (Equipe qualificada/treinada, Infraestrutura e recursos físicos, Capacidade de recrutamento e retenção).",Utilizar uma ID padrão e armazenar as informações na nuvem ,2,"Adequado: apontou cuidados consistentes (Registro contemporâneo, preciso e padronizado (ALCOA), Armazenamento seguro e controle de acesso).",14,7.78,77.8,Avançado / Alto Domínio
5,Inquérito (Arm 1: Inquérito),Ana Luiza Leite Vasconcelos,Feminino,,"Tema, pesquisa, objetivo e método ",1,"Parcial: citou 3 elementos (Objetivos, Metodologia/Método, Justificativa/Introdução/Problema). O gabarito solicita quatro elementos essenciais.","Não sei, nunca fiz um projeto, só publicação de artigo ",0,Incorreto: não mencionou a submissão de emenda ao CEP nem trâmites éticos regulatórios.,Por conta da ética e segurança dos participantes ,2,Adequado: apontou o momento correto (antes do início de qualquer atividade) e justificou com a proteção ética/segurança dos participantes.,,0,Sem resposta ou não soube responder.,Proteção e segurança do participante ,1,Parcial: contemplou apenas um dos dois pilares fundamentais das Boas Práticas Clínicas.,Registro e documentação assinados ,1,Parcial: citou apenas uma das condutas (registro/notificação OU ação corretiva/preventiva).,Comunicação ,1,Parcial: indicou apenas o cuidado assistencial OU apenas o dever de registro/notificação.,,0,Sem resposta ou não soube responder.,,0,Sem resposta ou não soube responder.,6,3.33,33.3,Básico / Necessita Fortalecimento
6,Inquérito (Arm 1: Inquérito),Tássila de Oliveira Silva,Feminino,4.0,Aprovação de comitês de ética;  Um problema a ser resolvido;  Um impacto que esse projeto ou protocolo de pesquisa possa causar.  ,1,"Parcial: citou 2 elementos (TCLE/Aspectos Éticos, Justificativa/Introdução/Problema). O gabarito solicita quatro elementos essenciais.","Notificar os chefes que coordenam esse projeto, para que haja a análise de possíveis mudanças que podem acontecer. ",0,Incorreto: não mencionou a submissão de emenda ao CEP nem trâmites éticos regulatórios.,"Desde o início da pesquisa, por se tratar de uma pesquisa envolvendo seres humanos, mesmo que sejam apenas amostras e não com a participação da pessoa física. A ética é essencialmente um pilar para o funcionamento de uma pesquisa, envolvendo ou não seres humanos, fundamental para o último.",1,"Parcial: indicou o momento temporal correto (antes do início), mas não justificou o porquê.","Além de se fazer clara a compreensão, o consentimento livre e esclarecido dá ao grupo que será utilizado como alvo a oportunidade de desistência a qualquer momento do projeto, entendimento do que será feito e utilizado, ou seja, a autonomia ao participante.",2,Adequado: contemplou tanto a autonomia/livre decisão voluntária quanto o pleno esclarecimento e compreensão das informações.,Manter a ética;  Garantia de resultados satisfatórios e confiáveis.,1,Parcial: contemplou apenas um dos dois pilares fundamentais das Boas Práticas Clínicas.,,0,Sem resposta ou não soube responder.,,0,Sem resposta ou não soube responder.,,0,Sem resposta ou não soube responder.,O registro dos dados pelo próprio pesquisador;  O controle de qualidade.,1,Parcial: apontou 1 cuidado (Auditoria e controle de qualidade documental). Esperado: dois cuidados essenciais.,6,3.33,33.3,Básico / Necessita Fortalecimento
7,Inquérito (Arm 1: Inquérito),Rutilene Barbosa Souza,Feminino,,"Apresentação, pergunta de pesquisa, objetivos, metodologia",1,"Parcial: citou 2 elementos (Objetivos, Metodologia/Método). O gabarito solicita quatro elementos essenciais.",Escrever uma emenda para o CEP informando e solicitando aprovação da adequação. ,2,"Adequado: contemplou a submissão de emenda ao CEP, aguardar aprovação e preparo prévio (documentação/treinamento).",Uma pesquisa deve ser submetida ao CEP antes do início da coleta de qualquer dado. A finalidade de passar pelo CEP é para garantir a ética no uso dos dados do indivíduo e pela segurança do sigilo.,2,Adequado: apontou o momento correto (antes do início de qualquer atividade) e justificou com a proteção ética/segurança dos participantes.,"Informar e esclarecer o participante sobre a pesquisa, quais os benefícios e riscos envolvidos ao aceitar participar da pesquisa.",1,Parcial: contemplou apenas um dos eixos (esclarecimento da informação OU autonomia de participação).,Garantir a ética e proteção dos dados do participante.  Garantir a reprodutibilidade da pesquisa.,2,Adequado: contemplou os dois pilares das BPC (proteção do participante e integridade/qualidade dos dados da pesquisa).,"Corrigir o erro, se possível;  Excluir o dado.",1,Parcial: citou apenas uma das condutas (registro/notificação OU ação corretiva/preventiva).,"Informar e corrigir, se possível ",1,Parcial: indicou apenas o cuidado assistencial OU apenas o dever de registro/notificação.,"Se o centro tem capacidade de armazenar, gerenciar, rigidez na execução dos protocolos. E garantir o sigilo dos dados.",1,Parcial: identificou 1 aspecto(s) (Sistemas de qualidade / conformidade ética). O gabarito requer 3 aspectos.,Identificação correta (com um código);  Armazenamento ordenado. ,2,"Adequado: apontou cuidados consistentes (Registro contemporâneo, preciso e padronizado (ALCOA), Armazenamento seguro e controle de acesso).",13,7.22,72.2,Intermediário / Conhecimento Parcial
8,Inquérito (Arm 1: Inquérito),THIAGO MORAIS RODRIGUES,Masculino,10.0,"TCLE, projeto escrito, declaração de compromisso e termo de anuência.",1,"Parcial: citou 2 elementos (TCLE/Aspectos Éticos, Documentos Regulatórios/Institucionais). O gabarito solicita quatro elementos essenciais.",informar ao órgão responsável pelo cep do projeto.,1,"Parcial: mencionou o CEP/emenda, mas omitiu a exigência de aguardar a aprovação formal e treinar a equipe antes da implementação.",Antes de se iniciar a coleta de material e os experimentos.,1,"Parcial: indicou o momento temporal correto (antes do início), mas não justificou o porquê.",Esclarecimento.,1,Parcial: contemplou apenas um dos eixos (esclarecimento da informação OU autonomia de participação).,descarte adequado do material biológico e armazenamento adequado das amostras.,0,Incorreto: não identificou os objetivos essenciais preconizados pelo ICH-GCP / Boas Práticas Clínicas.,não repetir novamente o procedimento e revisar protocolo.,1,Parcial: citou apenas uma das condutas (registro/notificação OU ação corretiva/preventiva).,avaliar o evento e achar formas de supera-lo.,0,Incorreto ou genérico: não contemplou as condutas primordiais preconizadas em eventos adversos.,"equipe capacitada, infraestrutura e recurso.",1,"Parcial: identificou 2 aspecto(s) (Equipe qualificada/treinada, Infraestrutura e recursos físicos). O gabarito requer 3 aspectos.",uma ficha de perguntas completa e um tcle bem estruturado.,0,Incorreto: não apresentou cuidados essenciais relativos à integridade e rastreabilidade.,6,3.33,33.3,Básico / Necessita Fortalecimento
9,Inquérito (Arm 1: Inquérito),Hillquias Monteiro Moreira,Masculino,,"Planejamento, ética, recurso financeiro e pessoa qualificada.",0,Insuficiente: citou apenas 1 elemento(s). Necessário elencar quatro componentes estruturais.,Orientar a equipe ,0,Incorreto: não mencionou a submissão de emenda ao CEP nem trâmites éticos regulatórios.,No início ,1,"Parcial: indicou o momento temporal correto (antes do início), mas não justificou o porquê.",Garantia legal sobre a pesquisa ,0,Insuficiente: não expressou a finalidade ética central do consentimento livre e esclarecido.,Ética e qualidade,1,Parcial: contemplou apenas um dos dois pilares fundamentais das Boas Práticas Clínicas.,Rastreio e correção do procedimento ,0,Incorreto: condutas não condizentes com as Boas Práticas Clínicas para gestão de desvios.,,0,Sem resposta ou não soube responder.,"Estrutura, planejamento e recursos humanos qualificados.",1,"Parcial: identificou 2 aspecto(s) (Equipe qualificada/treinada, Infraestrutura e recursos físicos). O gabarito requer 3 aspectos.",,0,Sem resposta ou não soube responder.,3,1.67,16.7,Básico / Necessita Fortalecimento
10,Inquérito (Arm 1: Inquérito),Brenda Livian,Feminino,,"Desenho experimental, CEP ou CEUA, TCLE ",1,"Parcial: citou 2 elementos (Metodologia/Método, TCLE/Aspectos Éticos). O gabarito solicita quatro elementos essenciais.","Deve ser feita a atualização no CEP E NO TCLE, pois o participante precisa estar ciente de tudo q está sendo realizado ",1,"Parcial: mencionou o CEP/emenda, mas omitiu a exigência de aguardar a aprovação formal e treinar a equipe antes da implementação.","A primeira etapa após o projeto ser aprovado em algum edital ou seletiva é fazer a submissão do projeto ao comitê de ética, e somente após a aprovação q começara ser feito as coletas de dados e amostras ",0,Incorreto: não indicou o momento temporal prévio exigido pelas resoluções éticas vigentes.,"Esclarece de modo detalhado e claro a todos os participantes cada passo, objetivo e finalidade daquele projeto em questão, de modo que ele esteja ciente para o que será utilizado as amostras e seus dados e como serão armazenados.",1,Parcial: contemplou apenas um dos eixos (esclarecimento da informação OU autonomia de participação).,,0,Sem resposta ou não soube responder.,Dependendo do procedimento o paciente será excluído da pesquisa,0,Incorreto: condutas não condizentes com as Boas Práticas Clínicas para gestão de desvios.,Registro do evento adverso ,1,Parcial: indicou apenas o cuidado assistencial OU apenas o dever de registro/notificação.,Essa eu não sei,0,Incorreto: não identificou os aspectos estruturantes para avaliar o preparo do centro.,Utilização de protocolos para garantir a qualidade e utilização de plataformas como o REDcap para armazenamento e rastreabilidade de dados ,2,"Adequado: apontou cuidados consistentes (Armazenamento seguro e controle de acesso, Auditoria e controle de qualidade documental).",6,3.33,33.3,Básico / Necessita Fortalecimento
11,Inquérito (Arm 1: Inquérito),Wuelison Lelis de Oliveira,Masculino,10.0,"TCLE, TALE, aprovação do CEP e grupo controle ",0,Insuficiente: citou apenas 1 elemento(s). Necessário elencar quatro componentes estruturais.,Comunicar ao CEP,1,"Parcial: mencionou o CEP/emenda, mas omitiu a exigência de aguardar a aprovação formal e treinar a equipe antes da implementação.","Antes do início da pesquisa, para que todo o processo aconteça obedecendo a resolução e diretrizes de estudos com humanos ",1,"Parcial: indicou o momento temporal correto (antes do início), mas não justificou o porquê.","Orientação ao participante do estudo, objetivos, fases, riscos e benefícios acerca do mesmo ",1,Parcial: contemplou apenas um dos eixos (esclarecimento da informação OU autonomia de participação).,Redução de eventos adversos   Segurança do paciente ,1,Parcial: contemplou apenas um dos dois pilares fundamentais das Boas Práticas Clínicas.,Comunicar ao CEP  Identificar e monitorar o usuário cuja intervenção foi realizada ,1,Parcial: citou apenas uma das condutas (registro/notificação OU ação corretiva/preventiva).,Monitorar o grupo e suspender o estudo ,0,Incorreto ou genérico: não contemplou as condutas primordiais preconizadas em eventos adversos.,Laboratório apropriado; equipe multi e equipe de recrutamento ,2,"Adequado: identificou 3 aspectos determinantes (Equipe qualificada/treinada, Infraestrutura e recursos físicos, Capacidade de recrutamento e retenção).","Segurança de dados em plataforma, anonimato doa dados ",1,Parcial: apontou 1 cuidado (Armazenamento seguro e controle de acesso). Esperado: dois cuidados essenciais.,8,4.44,44.4,Básico / Necessita Fortalecimento
12,Inquérito (Arm 1: Inquérito),Fabiane Guarnieri Fernandes,Feminino,,"Justificativa, objetivo geral/específico, metodologia e análise. ",1,"Parcial: citou 3 elementos (Objetivos, Metodologia/Método, Justificativa/Introdução/Problema). O gabarito solicita quatro elementos essenciais.",Fazer uma emenda e submeter ao CEP em seguida.,1,"Parcial: mencionou o CEP/emenda, mas omitiu a exigência de aguardar a aprovação formal e treinar a equipe antes da implementação.",Antes do início do projeto.,1,"Parcial: indicou o momento temporal correto (antes do início), mas não justificou o porquê.",Que o paciente tenha ciência do procedimento a ser realizado e esteja de acordo com o que será executado. ,1,Parcial: contemplou apenas um dos eixos (esclarecimento da informação OU autonomia de participação).,    Ter certeza dos direitos e segurança dos pacientes/participantes.,1,Parcial: contemplou apenas um dos dois pilares fundamentais das Boas Práticas Clínicas.,    Documentar o desvio ocorrido e reavaliar o processo.,1,Parcial: citou apenas uma das condutas (registro/notificação OU ação corretiva/preventiva)., - Registrar o evento   - Comunicar o evento,1,Parcial: indicou apenas o cuidado assistencial OU apenas o dever de registro/notificação.,"Qualificação dos membros, treinamento e estrutura do laboratório ",1,Parcial: identificou 1 aspecto(s) (Infraestrutura e recursos físicos). O gabarito requer 3 aspectos.,Registro dos dados ,1,Parcial: apontou 1 cuidado (Registro de dados). Esperado: dois cuidados essenciais.,9,5.0,50.0,Intermediário / Conhecimento Parcial
13,Inquérito (Arm 1: Inquérito),Fabio,Masculino,2.0,Metodologia clara do que será realizado.  Delimitação do escopo da pesquisa.  Objetivos e/ou metas relacionadas ao projeto.,1,"Parcial: citou 2 elementos (Objetivos, Metodologia/Método). O gabarito solicita quatro elementos essenciais.",Discutir e analisar o impacto das adequações das modificações no projeto. ,0,Incorreto: não mencionou a submissão de emenda ao CEP nem trâmites éticos regulatórios.,"O projeto deve ser submetido ao CEP logo no início, antes da execucao das atividades relacionadas a pesquisa.",1,"Parcial: indicou o momento temporal correto (antes do início), mas não justificou o porquê.",Aprovaçao do paciente para utilização do material coletado na pesquisa,0,Insuficiente: não expressou a finalidade ética central do consentimento livre e esclarecido.,,0,Sem resposta ou não soube responder.,"Registrar o que foi alterado na execucao.  Discutir o porque os procedimentos foram executados com as alteracoes, a fim de avaliar possíveis adaptações.",2,Adequado: citou registro/notificação formal do desvio e adoção de ações corretivas/preventivas para evitar reincidência.,,0,Sem resposta ou não soube responder.,,0,Sem resposta ou não soube responder.,,0,Sem resposta ou não soube responder.,4,2.22,22.2,Básico / Necessita Fortalecimento
14,Inquérito (Arm 1: Inquérito),Liandra Dias da Silva,Feminino,,"objetivos, publico-alvo, testes a serem realizados, resultados esperados ",1,"Parcial: citou 2 elementos (Objetivos, Critérios de Elegibilidade/Público). O gabarito solicita quatro elementos essenciais.","Revisar o projeto e verificar o que precisa ser alterado, informar o CEP por meio de declaração e aguardar a aprovação para realizar alteração por meio da plataforma Brasil ",2,"Adequado: contemplou a submissão de emenda ao CEP, aguardar aprovação e preparo prévio (documentação/treinamento).","antes de iniciar a execução do projeto, pois é necessário que o CEP tenha conhecimento do projeto, das etapas e os objetivos, público-alvo e avaliar os riscos, benefícios e se está de acordo com as normas éticas",2,Adequado: apontou o momento correto (antes do início de qualquer atividade) e justificou com a proteção ética/segurança dos participantes.,"informar ao participante sobre a pesquisa, quais riscos e benefícios, deixando claro que a participação é opcional ",2,Adequado: contemplou tanto a autonomia/livre decisão voluntária quanto o pleno esclarecimento e compreensão das informações.,,0,Sem resposta ou não soube responder.,"avaliar o processo executado e registrar todas as etapas realizadas, revisar com a equipe e refazer o teste segundo o protocolo. ",2,Adequado: citou registro/notificação formal do desvio e adoção de ações corretivas/preventivas para evitar reincidência.,registro de execução de todo o processo para garantir rastreabilidade e reunir todos os responsáveis envolvidos para revisar todo o acontecimento ,1,Parcial: indicou apenas o cuidado assistencial OU apenas o dever de registro/notificação.,"rastreabilidade, garantia do sigilo dos dados e execução do estudo clínico, garantia dos aspectos éticos  pelo centro ",1,Parcial: identificou 1 aspecto(s) (Sistemas de qualidade / conformidade ética). O gabarito requer 3 aspectos.,registro de atividades realizadas e registro em código de cada smostra/material biológico e afins ,1,"Parcial: apontou 1 cuidado (Registro contemporâneo, preciso e padronizado (ALCOA)). Esperado: dois cuidados essenciais.",12,6.67,66.7,Intermediário / Conhecimento Parcial
15,Inquérito (Arm 1: Inquérito),Diego de Souza Gonçalves,Masculino,3.0,"POPS, delegação, fichamento de procedimentos e documentação dos dados",0,Insuficiente: citou apenas 1 elemento(s). Necessário elencar quatro componentes estruturais.,Realizar um treinamento,1,"Parcial: abordou a documentação/treinamento interno, mas omitiu a submissão regulatória obrigatória de emenda ao CEP.",Antes de iniciar o projeto. Para que possa ser avaliados os riscos e garantir o bem estar dos participantes ,2,Adequado: apontou o momento correto (antes do início de qualquer atividade) e justificou com a proteção ética/segurança dos participantes.,Ter a autorização e ciência sobre o projeto e todas as nuanças ,1,Parcial: contemplou apenas um dos eixos (esclarecimento da informação OU autonomia de participação).,Garantir a reprodutibilidade e rastreabilidade dos processos.,1,Parcial: contemplou apenas um dos dois pilares fundamentais das Boas Práticas Clínicas.,Deve ser aberto uma não conformidade e planejado a possível execução de uma ação reparadora ,2,Adequado: citou registro/notificação formal do desvio e adoção de ações corretivas/preventivas para evitar reincidência.,Notificar a não conformidade e parar a atividade ,2,Adequado: indicou o dever prioritário de assistência/segurança ao participante e o registro/notificação aos responsáveis (patrocinador/CEP).,"Estrutura, documentação e ",1,"Parcial: identificou 2 aspecto(s) (Infraestrutura e recursos físicos, Sistemas de qualidade / conformidade ética). O gabarito requer 3 aspectos.",Documentação de todas as etapas e registro ,1,Parcial: apontou 1 cuidado (Registro de dados). Esperado: dois cuidados essenciais.,11,6.11,61.1,Intermediário / Conhecimento Parcial
16,Inquérito (Arm 1: Inquérito),Beatriz,Feminino,6.0,"Introdução, Resumo, Objetivos, Metodologia",1,"Parcial: citou 3 elementos (Objetivos, Metodologia/Método, Justificativa/Introdução/Problema). O gabarito solicita quatro elementos essenciais.",O pesquisador deve submeter a alteração ao Comitê de Ética responsável antes de colocar a alteração em prática,1,"Parcial: mencionou o CEP/emenda, mas omitiu a exigência de aguardar a aprovação formal e treinar a equipe antes da implementação.","Deve ser submetida antes de qualquer procedimento envolvendo seres humanos, porque antes deve ser analisado se a conduta e os procedimentos a serem adotados estão de acordo com os princípios éticos regidos em legislação",2,Adequado: apontou o momento correto (antes do início de qualquer atividade) e justificou com a proteção ética/segurança dos participantes.,Garantir que o participante esteja participando da pesquisa voluntariamente e que tenha entendido tudo que acontecerá com ele durante o estudo,2,Adequado: contemplou tanto a autonomia/livre decisão voluntária quanto o pleno esclarecimento e compreensão das informações.,Padronização de técnicas e garantia da qualidade ,1,Parcial: contemplou apenas um dos dois pilares fundamentais das Boas Práticas Clínicas.,"registrar o que aconteceu, e se possível tomar medidas corretivas e notificar ao CEP",2,Adequado: citou registro/notificação formal do desvio e adoção de ações corretivas/preventivas para evitar reincidência.,Registrar o efeito adverso e notificar ao CEP,1,Parcial: indicou apenas o cuidado assistencial OU apenas o dever de registro/notificação.,Equipe treinada e qualificada  Fluxo de trabalho  Controle de qualidade  ,1,"Parcial: identificou 2 aspecto(s) (Equipe qualificada/treinada, Sistemas de qualidade / conformidade ética). O gabarito requer 3 aspectos.","Ter um local de armazenamento com controle de acesso e sempre registrar em tempo real os acontecimentos, tendo espaço para data e hora do preenchimento ",2,"Adequado: apontou cuidados consistentes (Registro contemporâneo, preciso e padronizado (ALCOA), Armazenamento seguro e controle de acesso).",13,7.22,72.2,Intermediário / Conhecimento Parcial
17,Inquérito (Arm 1: Inquérito),Milena Daniela Souza Silva,Feminino,8.0,"Justificativa, objetivos , metodologia, aspectos éticos.",2,"Adequado: identificou 4 elementos essenciais (Objetivos, Metodologia/Método, TCLE/Aspectos Éticos, Justificativa/Introdução/Problema).","A alteração deve ser submetida como emenda ao CEP e implementada somente após a aprovação ética, exceto quando necessária para eliminar risco imediato aos participantes.",2,"Adequado: contemplou a submissão de emenda ao CEP, aguardar aprovação e preparo prévio (documentação/treinamento).","Antes do início da pesquisa, para garantir a proteção dos direitos, segurança, dignidade e bem estar dos participantes.",2,Adequado: apontou o momento correto (antes do início de qualquer atividade) e justificou com a proteção ética/segurança dos participantes.,"Garantir que o participante compreenda a pesquisa e decida, de forma livre e voluntária, se deseja participar.",2,Adequado: contemplou tanto a autonomia/livre decisão voluntária quanto o pleno esclarecimento e compreensão das informações.,"proteger os direitos, bem estar  e segurança dos participantes, bem como qualidade, integridade  dos dados da pesquisa.",2,Adequado: contemplou os dois pilares das BPC (proteção do participante e integridade/qualidade dos dados da pesquisa).,Documentar e comunicar o desvio de protocolo e adotar medidas corretivas e preventivas para evitar sua repetição.,2,Adequado: citou registro/notificação formal do desvio e adoção de ações corretivas/preventivas para evitar reincidência.,Avaliar e prestar a assistência necessária ao participante.,1,Parcial: indicou apenas o cuidado assistencial OU apenas o dever de registro/notificação.,"infraestrutura e equipamentos adequados, equipe treinada e qualificada, capacidade de de recrutar e acompanhar os participantes  seguindo o protocolo.",2,"Adequado: identificou 3 aspectos determinantes (Equipe qualificada/treinada, Infraestrutura e recursos físicos, Capacidade de recrutamento e retenção).","realizar registros completos,  assim como manter os dados armazenados de forma adequada e segura.",1,"Parcial: apontou 1 cuidado (Registro contemporâneo, preciso e padronizado (ALCOA)). Esperado: dois cuidados essenciais.",16,8.89,88.9,Avançado / Alto Domínio
18,Inquérito (Arm 1: Inquérito),Caroline,Feminino,5.0,Projeto de estudo   Folha de rosto   Termo de confidencialidade   TCLE  ,1,"Parcial: citou 2 elementos (TCLE/Aspectos Éticos, Documentos Regulatórios/Institucionais). O gabarito solicita quatro elementos essenciais.",Submeter ao cep qual será a alteração e a alteração que vai ser feita e esclarecer-la ,1,"Parcial: mencionou o CEP/emenda, mas omitiu a exigência de aguardar a aprovação formal e treinar a equipe antes da implementação.","O momento em que precisamos de alguma forma lidar com seres humanos, utilizar questionário ou material biológico , deixar claro que explícito o que vamos utilizar porque precisamos e que dano ele pode ter por essa participação ",1,"Parcial: apresentou a justificativa ética de proteção aos participantes, mas não explicitou que deve ser anterior ao início das atividades.","Deixar claro para o participante quais são as medidas, benefícios, malefícios, deixá-lo ciente da sua participação , como será essa participação e deixar claro que ele pode ou não participar , é uma escolha dele ",2,Adequado: contemplou tanto a autonomia/livre decisão voluntária quanto o pleno esclarecimento e compreensão das informações.,Ter senso de organização e cuidados na área que vai trabalhar para não ocasionar acidentes no ambiente de pesquisa ,1,Parcial: contemplou apenas um dos dois pilares fundamentais das Boas Práticas Clínicas.,"E realizado a notificação do procedimento não realizado,  e verificar se isso atrapalha de alguma forma a continuação do estudo ",1,Parcial: citou apenas uma das condutas (registro/notificação OU ação corretiva/preventiva).,"Realizar a notificação, isso precisa ser registrado e tomar uma medida preventiva.",1,Parcial: indicou apenas o cuidado assistencial OU apenas o dever de registro/notificação.,"Se tem estrutura , um ambiente separado , higienizado e organizado para essa atividade. Uma equipe pra conduzir o estudo e equipamentos ou parcerias para ajudar a conduzir o estudo ",1,"Parcial: identificou 2 aspecto(s) (Equipe qualificada/treinada, Infraestrutura e recursos físicos). O gabarito requer 3 aspectos.","Protocolar e identificar, realizar um POP ou uma maneira padronizada de organização de documentos importantes , pode ser impresso em pastas por cores , ou em nuvem ",1,Parcial: apontou 1 cuidado (Armazenamento seguro e controle de acesso). Esperado: dois cuidados essenciais.,10,5.56,55.6,Intermediário / Conhecimento Parcial
19,Inquérito (Arm 1: Inquérito),Joyce Kellen Marques dos Santos,Feminino,2.0,"Objetivos, patrocinador, título do estudo e termo de consentimento.",1,"Parcial: citou 3 elementos (Objetivos, TCLE/Aspectos Éticos, Orçamento/Financiamento). O gabarito solicita quatro elementos essenciais.",,0,Sem resposta ou não soube responder.,"Quando envolver coleta de dados, materiais biológicos, entrevistas, sendo preciso aprovação para prosseguir com o projeto, pois são informações que devem ser confidenciais. ",0,Incorreto: não indicou o momento temporal prévio exigido pelas resoluções éticas vigentes.,Para que saibam os objetivos e segurança do projeto que estão se voluntariando. ,2,Adequado: contemplou tanto a autonomia/livre decisão voluntária quanto o pleno esclarecimento e compreensão das informações.,,0,Sem resposta ou não soube responder.,,0,Sem resposta ou não soube responder.,,0,Sem resposta ou não soube responder.,"Ter pessoas qualificadas para realizar esse estudo, ter boas práticas clínicas.",1,Parcial: identificou 1 aspecto(s) (Equipe qualificada/treinada). O gabarito requer 3 aspectos.,,0,Sem resposta ou não soube responder.,4,2.22,22.2,Básico / Necessita Fortalecimento
20,Inquérito (Arm 1: Inquérito),Maria Luiza Passos,Feminino,7.0,Riscos  Benefícios   Hipóteses  Objetivos  Referencial teórico bem estabelecido ,1,"Parcial: citou 3 elementos (Objetivos, Justificativa/Introdução/Problema, Riscos e Benefícios). O gabarito solicita quatro elementos essenciais.","Registro da mudança, elaboração do protocolo, capacitação…",1,"Parcial: abordou a documentação/treinamento interno, mas omitiu a submissão regulatória obrigatória de emenda ao CEP.",Antes de começar qualquer a prática.,1,"Parcial: indicou o momento temporal correto (antes do início), mas não justificou o porquê.","Informar os riscos, benefícios e objetivos da pesquisa, e registrar/documentar o consentimento do paciente em participar.",1,Parcial: contemplou apenas um dos eixos (esclarecimento da informação OU autonomia de participação).,Execução correta das etapas de uma pesquisa.  Capacitação da equipe.,1,Parcial: contemplou apenas um dos dois pilares fundamentais das Boas Práticas Clínicas.,Registro do erro   Revisão da necessidade de uma nova capacitação   Revisão da necessidade de alguma mudança/adequação  Recomeçar ,2,Adequado: citou registro/notificação formal do desvio e adoção de ações corretivas/preventivas para evitar reincidência.,Registro imediato do evento adverso.  Reprocessamento.,1,Parcial: indicou apenas o cuidado assistencial OU apenas o dever de registro/notificação.,"Certificação do local, equipamentos, laboratórios, profissionais…  Histórico do Centro em estudos anteriores.  Equipe do Centro (profissionais necessários)…",2,"Adequado: identificou 3 aspectos determinantes (Equipe qualificada/treinada, Infraestrutura e recursos físicos, Sistemas de qualidade / conformidade ética).",Confidencialidade.  Registros e protocolos bem estabelecidos sobre todos os procedimentos.,1,Parcial: apontou 1 cuidado (Armazenamento seguro e controle de acesso). Esperado: dois cuidados essenciais.,11,6.11,61.1,Intermediário / Conhecimento Parcial
21,Inquérito (Arm 1: Inquérito),Poliana Lopes de Siqueira Tavares,Feminino,8.0,* Problema de pesquisa e Objetivos  * Metodologia  * Resultados e discussão   * Referências ,1,"Parcial: citou 3 elementos (Objetivos, Metodologia/Método, Justificativa/Introdução/Problema). O gabarito solicita quatro elementos essenciais.","Submeter a alteração novamente ao Comitê de Ética em Pesquisa, detalhar as alterações justificando por que a mudança é necessária e aguardar a aprovação.",2,"Adequado: contemplou a submissão de emenda ao CEP, aguardar aprovação e preparo prévio (documentação/treinamento).","Antes de qualquer início de coleta de dados ou contato com participantes. Para verificar se o protocolo respeita os princípios éticos na  pesquisa com seres humanos, quanto a dignidade,  avaliação de riscos e benefícios, além de assegurar o consentimento do participante na pesquisa com a assinatura do TCLE.",2,Adequado: apontou o momento correto (antes do início de qualquer atividade) e justificou com a proteção ética/segurança dos participantes.,"Garantir o esclarecimento do participante quanto os benefícios, riscos, garantir a confiabilidade no tratamento dos dados.",1,Parcial: contemplou apenas um dos eixos (esclarecimento da informação OU autonomia de participação).,garantir a qualidade  e confiavilidade dos dados  garantir a rastreabilidade dos dados  ,1,Parcial: contemplou apenas um dos dois pilares fundamentais das Boas Práticas Clínicas.,realizar o registro da inconformidade e rever o protocolo para minimizar os erros futuros,2,Adequado: citou registro/notificação formal do desvio e adoção de ações corretivas/preventivas para evitar reincidência.,Documentar o evento adverso e garantir a assistência ao participante.,2,Adequado: indicou o dever prioritário de assistência/segurança ao participante e o registro/notificação aos responsáveis (patrocinador/CEP).,Estrutura e tecnologias   Equipe qualificada  Regulamentações  e programa de qualidade,2,"Adequado: identificou 3 aspectos determinantes (Equipe qualificada/treinada, Infraestrutura e recursos físicos, Sistemas de qualidade / conformidade ética).",Registros contemporaneos  Registrar adequadamente ,1,"Parcial: apontou 1 cuidado (Registro contemporâneo, preciso e padronizado (ALCOA)). Esperado: dois cuidados essenciais.",14,7.78,77.8,Avançado / Alto Domínio
