"Record ID","Event Name",NOME,SEXO," 1. Cite quatro elementos essenciais que devem constar em um projeto ou protocolo de pesquisa.","2.  Um procedimento de um projeto já aprovado precisa ser alterado.   Qual deve ser a conduta do pesquisador antes de implementar a alteração?","3.  Em que momento uma pesquisa envolvendo seres humanos deve ser submetida à apreciação ética e por quê?","4. Em uma frase, qual é a principal finalidade do processo de consentimento livre e esclarecido?","5. Cite dois objetivos fundamentais das Boas Práticas na condução de uma pesquisa clínica.","6. A equipe identificou que um procedimento não foi realizado conforme previsto no protocolo. Cite duas ações que devem ser tomadas a partir dessa identificação.","7. Cite duas ações que devem ser adotadas pela equipe ao identificar um evento adverso durante a condução de um estudo clínico. ","8. Cite três aspectos que devem ser avaliados para determinar se um centro está preparado para conduzir um estudo clínico.","9. Cite dois cuidados essenciais para garantir qualidade e rastreabilidade dos dados e documentos de uma pesquisa.","Avalie o quanto você sabe, hoje, sobre o assunto deste curso.",Complete?
3,"Inquérito (Arm 1: Inquérito)","Sayonara ",Feminino,"Cep  Pops   Membros   Grupo de estudo ","Protocolar uma emenda para alteração ou inclusão de algum procedimento ","Em qualquer circunstância. É necessário pois pesquisas com humanos devem seguir os rigores éticos em pesquisa ","Informar e esclarecer ao participante qual a necessidade da sua participação no projeto. ","Padronização de procedimentos e proteção ao participante.","Relatar e registrar o erro.","Relatar ao supervisor/coordenador.   Registrar em arquivo. ","Equipe tecnicamente habilitada   Espaço físico   Padronização de pops ","Registro atualizado e padronizado ",7,Complete
4,"Inquérito (Arm 1: Inquérito)","Talia Iasmin Pereira da Silva",Feminino,"Objetivos, metodologia, critérios de inclusão e exclusão e riscos e benefícios ","Informar o comitê de ética em pesquisa por meio de emenda","Antes de iniciar a pesquisa, para avaliar a projeto de pesquisa e proteger o participante","Informar o participante sobre o protocolo e coletar sua assinatura para ciência da sua participação no projeto de pesquisa ","ter a ciência do comitê de ética sobre a pesquisa e ser transparente com o participante sobre os procedimentos que serão realizados ","Deve informar o comitê de ética sobre o desvio ","Priorizar o bem estar do paciente, se possível interromper novos recrutamentos e informar o cep ","Ter infraestrutura adequada; ter pessoas qualificadas e estimar a quantidade de participantes de acordo com o cronograma do estudo","Utilizar uma ID padrão e armazenar as informações na nuvem ",7,Complete
5,"Inquérito (Arm 1: Inquérito)","Ana Luiza Leite Vasconcelos ",Feminino,"Tema, pesquisa, objetivo e método ","Não sei, nunca fiz um projeto, só publicação de artigo ","Por conta da ética e segurança dos participantes ",,"Proteção e segurança do participante ","Registro e documentação assinados ","Comunicação ",,,,Complete
6,"Inquérito (Arm 1: Inquérito)","Tássila de Oliveira Silva ",Feminino,"Aprovação de comitês de ética;  Um problema a ser resolvido;  Um impacto que esse projeto ou protocolo de pesquisa possa causar.  ","Notificar os chefes que coordenam esse projeto, para que haja a análise de possíveis mudanças que podem acontecer. ","Desde o início da pesquisa, por se tratar de uma pesquisa envolvendo seres humanos, mesmo que sejam apenas amostras e não com a participação da pessoa física. A ética é essencialmente um pilar para o funcionamento de uma pesquisa, envolvendo ou não seres humanos, fundamental para o último.","Além de se fazer clara a compreensão, o consentimento livre e esclarecido dá ao grupo que será utilizado como alvo a oportunidade de desistência a qualquer momento do projeto, entendimento do que será feito e utilizado, ou seja, a autonomia ao participante.","Manter a ética;  Garantia de resultados satisfatórios e confiáveis.",,,,"O registro dos dados pelo próprio pesquisador;  O controle de qualidade.",4,Complete
7,"Inquérito (Arm 1: Inquérito)","Rutilene Barbosa Souza",Feminino,"Apresentação, pergunta de pesquisa, objetivos, metodologia","Escrever uma emenda para o CEP informando e solicitando aprovação da adequação. ","Uma pesquisa deve ser submetida ao CEP antes do início da coleta de qualquer dado. A finalidade de passar pelo CEP é para garantir a ética no uso dos dados do indivíduo e pela segurança do sigilo.","Informar e esclarecer o participante sobre a pesquisa, quais os benefícios e riscos envolvidos ao aceitar participar da pesquisa.","Garantir a ética e proteção dos dados do participante.  Garantir a reprodutibilidade da pesquisa.","Corrigir o erro, se possível;  Excluir o dado.","Informar e corrigir, se possível ","Se o centro tem capacidade de armazenar, gerenciar, rigidez na execução dos protocolos. E garantir o sigilo dos dados.","Identificação correta (com um código);  Armazenamento ordenado. ",,Complete
8,"Inquérito (Arm 1: Inquérito)","THIAGO MORAIS RODRIGUES",Masculino,"TCLE, projeto escrito, declaração de compromisso e termo de anuência.","informar ao órgão responsável pelo cep do projeto.","Antes de se iniciar a coleta de material e os experimentos.",Esclarecimento.,"descarte adequado do material biológico e armazenamento adequado das amostras.","não repetir novamente o procedimento e revisar protocolo.","avaliar o evento e achar formas de supera-lo.","equipe capacitada, infraestrutura e recurso.","uma ficha de perguntas completa e um tcle bem estruturado.",10,Complete
9,"Inquérito (Arm 1: Inquérito)","Hillquias Monteiro Moreira",Masculino,"Planejamento, ética, recurso financeiro e pessoa qualificada.","Orientar a equipe ","No início ","Garantia legal sobre a pesquisa ","Ética e qualidade","Rastreio e correção do procedimento ",,"Estrutura, planejamento e recursos humanos qualificados.",,,Complete
10,"Inquérito (Arm 1: Inquérito)","Brenda Livian ",Feminino,"Desenho experimental, CEP ou CEUA, TCLE ","Deve ser feita a atualização no CEP E NO TCLE, pois o participante precisa estar ciente de tudo q está sendo realizado ","A primeira etapa após o projeto ser aprovado em algum edital ou seletiva é fazer a submissão do projeto ao comitê de ética, e somente após a aprovação q começara ser feito as coletas de dados e amostras ","Esclarece de modo detalhado e claro a todos os participantes cada passo, objetivo e finalidade daquele projeto em questão, de modo que ele esteja ciente para o que será utilizado as amostras e seus dados e como serão armazenados.",,"Dependendo do procedimento o paciente será excluído da pesquisa","Registro do evento adverso ","Essa eu não sei","Utilização de protocolos para garantir a qualidade e utilização de plataformas como o REDcap para armazenamento e rastreabilidade de dados ",,Complete
11,"Inquérito (Arm 1: Inquérito)","Wuelison Lelis de Oliveira ",Masculino,"TCLE, TALE, aprovação do CEP e grupo controle ","Comunicar ao CEP","Antes do início da pesquisa, para que todo o processo aconteça obedecendo a resolução e diretrizes de estudos com humanos ","Orientação ao participante do estudo, objetivos, fases, riscos e benefícios acerca do mesmo ","Redução de eventos adversos   Segurança do paciente ","Comunicar ao CEP  Identificar e monitorar o usuário cuja intervenção foi realizada ","Monitorar o grupo e suspender o estudo ","Laboratório apropriado; equipe multi e equipe de recrutamento ","Segurança de dados em plataforma, anonimato doa dados ",10,Complete
12,"Inquérito (Arm 1: Inquérito)","Fabiane Guarnieri Fernandes ",Feminino,"Justificativa, objetivo geral/específico, metodologia e análise. ","Fazer uma emenda e submeter ao CEP em seguida.","Antes do início do projeto.","Que o paciente tenha ciência do procedimento a ser realizado e esteja de acordo com o que será executado. ","    Ter certeza dos direitos e segurança dos pacientes/participantes.","    Documentar o desvio ocorrido e reavaliar o processo."," - Registrar o evento   - Comunicar o evento","Qualificação dos membros, treinamento e estrutura do laboratório ","Registro dos dados ",,Complete
13,"Inquérito (Arm 1: Inquérito)",Fabio,Masculino,"Metodologia clara do que será realizado.  Delimitação do escopo da pesquisa.  Objetivos e/ou metas relacionadas ao projeto.","Discutir e analisar o impacto das adequações das modificações no projeto. ","O projeto deve ser submetido ao CEP logo no início, antes da execucao das atividades relacionadas a pesquisa.","Aprovaçao do paciente para utilização do material coletado na pesquisa",,"Registrar o que foi alterado na execucao.  Discutir o porque os procedimentos foram executados com as alteracoes, a fim de avaliar possíveis adaptações.",,,,2,Complete
14,"Inquérito (Arm 1: Inquérito)","Liandra Dias da Silva ",Feminino,"objetivos, publico-alvo, testes a serem realizados, resultados esperados ","Revisar o projeto e verificar o que precisa ser alterado, informar o CEP por meio de declaração e aguardar a aprovação para realizar alteração por meio da plataforma Brasil ","antes de iniciar a execução do projeto, pois é necessário que o CEP tenha conhecimento do projeto, das etapas e os objetivos, público-alvo e avaliar os riscos, benefícios e se está de acordo com as normas éticas","informar ao participante sobre a pesquisa, quais riscos e benefícios, deixando claro que a participação é opcional ",,"avaliar o processo executado e registrar todas as etapas realizadas, revisar com a equipe e refazer o teste segundo o protocolo. ","registro de execução de todo o processo para garantir rastreabilidade e reunir todos os responsáveis envolvidos para revisar todo o acontecimento ","rastreabilidade, garantia do sigilo dos dados e execução do estudo clínico, garantia dos aspectos éticos  pelo centro ","registro de atividades realizadas e registro em código de cada smostra/material biológico e afins ",,Complete
15,"Inquérito (Arm 1: Inquérito)","Diego de Souza Gonçalves ",Masculino,"POPS, delegação, fichamento de procedimentos e documentação dos dados","Realizar um treinamento","Antes de iniciar o projeto. Para que possa ser avaliados os riscos e garantir o bem estar dos participantes ","Ter a autorização e ciência sobre o projeto e todas as nuanças ","Garantir a reprodutibilidade e rastreabilidade dos processos.","Deve ser aberto uma não conformidade e planejado a possível execução de uma ação reparadora ","Notificar a não conformidade e parar a atividade ","Estrutura, documentação e ","Documentação de todas as etapas e registro ",3,Complete
16,"Inquérito (Arm 1: Inquérito)","Beatriz ",Feminino,"Introdução, Resumo, Objetivos, Metodologia","O pesquisador deve submeter a alteração ao Comitê de Ética responsável antes de colocar a alteração em prática","Deve ser submetida antes de qualquer procedimento envolvendo seres humanos, porque antes deve ser analisado se a conduta e os procedimentos a serem adotados estão de acordo com os princípios éticos regidos em legislação","Garantir que o participante esteja participando da pesquisa voluntariamente e que tenha entendido tudo que acontecerá com ele durante o estudo","Padronização de técnicas e garantia da qualidade ","registrar o que aconteceu, e se possível tomar medidas corretivas e notificar ao CEP","Registrar o efeito adverso e notificar ao CEP","Equipe treinada e qualificada  Fluxo de trabalho  Controle de qualidade  ","Ter um local de armazenamento com controle de acesso e sempre registrar em tempo real os acontecimentos, tendo espaço para data e hora do preenchimento ",6,Complete
17,"Inquérito (Arm 1: Inquérito)","Milena Daniela Souza Silva",Feminino,"Justificativa, objetivos , metodologia, aspectos éticos.","A alteração deve ser submetida como emenda ao CEP e implementada somente após a aprovação ética, exceto quando necessária para eliminar risco imediato aos participantes.","Antes do início da pesquisa, para garantir a proteção dos direitos, segurança, dignidade e bem estar dos participantes.","Garantir que o participante compreenda a pesquisa e decida, de forma livre e voluntária, se deseja participar.","proteger os direitos, bem estar  e segurança dos participantes, bem como qualidade, integridade  dos dados da pesquisa.","Documentar e comunicar o desvio de protocolo e adotar medidas corretivas e preventivas para evitar sua repetição.","Avaliar e prestar a assistência necessária ao participante.","infraestrutura e equipamentos adequados, equipe treinada e qualificada, capacidade de de recrutar e acompanhar os participantes  seguindo o protocolo.","realizar registros completos,  assim como manter os dados armazenados de forma adequada e segura.",8,Complete
18,"Inquérito (Arm 1: Inquérito)","Caroline ",Feminino,"Projeto de estudo   Folha de rosto   Termo de confidencialidade   TCLE  ","Submeter ao cep qual será a alteração e a alteração que vai ser feita e esclarecer-la ","O momento em que precisamos de alguma forma lidar com seres humanos, utilizar questionário ou material biológico , deixar claro que explícito o que vamos utilizar porque precisamos e que dano ele pode ter por essa participação ","Deixar claro para o participante quais são as medidas, benefícios, malefícios, deixá-lo ciente da sua participação , como será essa participação e deixar claro que ele pode ou não participar , é uma escolha dele ","Ter senso de organização e cuidados na área que vai trabalhar para não ocasionar acidentes no ambiente de pesquisa ","E realizado a notificação do procedimento não realizado,  e verificar se isso atrapalha de alguma forma a continuação do estudo ","Realizar a notificação, isso precisa ser registrado e tomar uma medida preventiva.","Se tem estrutura , um ambiente separado , higienizado e organizado para essa atividade. Uma equipe pra conduzir o estudo e equipamentos ou parcerias para ajudar a conduzir o estudo ","Protocolar e identificar, realizar um POP ou uma maneira padronizada de organização de documentos importantes , pode ser impresso em pastas por cores , ou em nuvem ",5,Complete
19,"Inquérito (Arm 1: Inquérito)","Joyce Kellen Marques dos Santos ",Feminino,"Objetivos, patrocinador, título do estudo e termo de consentimento.",,"Quando envolver coleta de dados, materiais biológicos, entrevistas, sendo preciso aprovação para prosseguir com o projeto, pois são informações que devem ser confidenciais. ","Para que saibam os objetivos e segurança do projeto que estão se voluntariando. ",,,,"Ter pessoas qualificadas para realizar esse estudo, ter boas práticas clínicas.",,2,Complete
20,"Inquérito (Arm 1: Inquérito)","Maria Luiza Passos",Feminino,"Riscos  Benefícios   Hipóteses  Objetivos  Referencial teórico bem estabelecido ","Registro da mudança, elaboração do protocolo, capacitação…","Antes de começar qualquer a prática.","Informar os riscos, benefícios e objetivos da pesquisa, e registrar/documentar o consentimento do paciente em participar.","Execução correta das etapas de uma pesquisa.  Capacitação da equipe.","Registro do erro   Revisão da necessidade de uma nova capacitação   Revisão da necessidade de alguma mudança/adequação  Recomeçar ","Registro imediato do evento adverso.  Reprocessamento.","Certificação do local, equipamentos, laboratórios, profissionais…  Histórico do Centro em estudos anteriores.  Equipe do Centro (profissionais necessários)…","Confidencialidade.  Registros e protocolos bem estabelecidos sobre todos os procedimentos.",7,Complete
21,"Inquérito (Arm 1: Inquérito)","Poliana Lopes de Siqueira Tavares ",Feminino,"* Problema de pesquisa e Objetivos  * Metodologia  * Resultados e discussão   * Referências ","Submeter a alteração novamente ao Comitê de Ética em Pesquisa, detalhar as alterações justificando por que a mudança é necessária e aguardar a aprovação.","Antes de qualquer início de coleta de dados ou contato com participantes. Para verificar se o protocolo respeita os princípios éticos na  pesquisa com seres humanos, quanto a dignidade,  avaliação de riscos e benefícios, além de assegurar o consentimento do participante na pesquisa com a assinatura do TCLE.","Garantir o esclarecimento do participante quanto os benefícios, riscos, garantir a confiabilidade no tratamento dos dados.","garantir a qualidade  e confiavilidade dos dados  garantir a rastreabilidade dos dados  ","realizar o registro da inconformidade e rever o protocolo para minimizar os erros futuros","Documentar o evento adverso e garantir a assistência ao participante.","Estrutura e tecnologias   Equipe qualificada  Regulamentações  e programa de qualidade","Registros contemporaneos  Registrar adequadamente ",8,Complete
22,"Inquérito (Arm 1: Inquérito)","Rutilene Barbosa",Feminino,"Pergunta de pesquisa, objetivos, justificativa e metodologia ","Escrever uma emenda ao CEP e aguardar a aprovação.","A submissão da proposta de pesquisa deve ser submetida antes do início do estudo. Pois, desta forma a segurança do participante é garantida.","Que o participante tenha consciência e conhecimento do que será feito com ele ou amostra fornecida. E a partir do entendimento da proposta da pesquisa decidir se participará.","1- segurança do participante da pesquisa;  2- garantir a credibilidade, sigilo e rastreabilidade dos dados da pesquisa.","1- corrigir(se possível)  2- registrar e promover ações para mitigar repetição de futuros erros.","1 - ações para garantir a segurança  e integridade do participante;  2 - registrar para o estudo e notificar ao CEP","1-Infraestrutura;  2-equipe qualificada   3- capacidade de recrutamento dos participantes ","1- elaboracao do plano de gestão de qualidade e formulários pertinentes a pesquisa   2 - Fidelidade no registro e capacidade de manutenção desses formulários;  ",,Complete
23,"Inquérito (Arm 1: Inquérito)","Ana Luiza Leite Vasconcelos ",Feminino,"Título, objetivo, cronograma e metodologia ","Submeter ao CEP ","Antes de iniciar, para verificar os aspectos éticos, de segurança … em que os participantes se sintam seguros.","Permitir que os pacientes saibam dos benefícios e riscos do estudo.","Confiabilidade e qualidade.","Documentar o desvio, e avaliar possíveis impactos ou riscos aos pacientes.","Acredito que seja registrar e prestar apoio ao paciente","Capacidade de cumprir o protocolo, recursos disponíveis e qualificação da equipe ","Armazenamento seguro e de possível rastreabilidade ",8,Complete
24,"Inquérito (Arm 1: Inquérito)",Carol,Feminino,"Riscos e benefícios   Tipo de estudo   Objetivo   Metodologia ","Submeter ao cep a mudança antes da aplicação ","Quando o estudo está relacionado aos seres humanos e porque o comitê de ética e pesquisa tem como intuito proteger e resguardar o participante de qualquer risco durante e até depois do estudo ","Deixar claro ao participantes todas as etapas do projeto de estudo que ele irá participar","Manter a segurança da equipe , projeto e participantes   E ter uma organização delimitada do projeto ","Deve ser realizado o protocolo do desvio e comunicado ao cep ","Realizar o protocolo de identificação desse evento , realizar um retreinamento ou medida preventiva e comunicar ao cep ","Ter uma equipe qualificada   Um centro equipado   E uma metodologia de organização fundamentada ","Protocolar todo documento fonte   Utilizar uma plataforma como o redcap que auxilia na organização e padronização e guardar esses documento de forma segura e confidencial ",,Complete
25,"Inquérito (Arm 1: Inquérito)","Diego de Souza Gonçalves ",Masculino,"Delegação, CRFs, POPs, aprovação do CEP","Ela deve ser submetida e aprovada pelo CEP","Antes de iniciar. Para garantir a segurança e integridade do participante.","Ter a concordância e liberação desse paciente para utilizar suas informações e amostras para um determinado projeto.","Segurança e confiabilidade dos registros mediante a padronização das atividades ","Deve ser registrado um desvio e adotada uma ação corretiva ","Suspender a atividade e relatar o desvio ","Estrutura física, equipe ","O registro documental das informações e ",9,Complete
26,"Inquérito (Arm 1: Inquérito)","THIAGO MORAIS RODRIGUES",Masculino,"TCLE, projeto escrito, declaração de compromisso, declaração de anuência.","fazer uma ementa e submeter ao cep.","no início do projeto, antes de iniciar os experimentos.",esclarecimento.,"realizar a coleta de toda a documentação durante a aplicação do protocolo e um TCLE descomplica e de fácil entendimento.","interromper o procedimento e revisar o protocolo.","agir de forma que controle evento adverso da melhor forma, garantido o bem estar do participante e notificar o cep.","infraestrutura, equipe preparada e orçamento.","bom armazenamento e informações claras e completas.",10,Complete
27,"Inquérito (Arm 1: Inquérito)",Fabio,Masculino,"Delimitação do grupo de amostragem de acordo com os objetivos do projeto de pesquisa.  ","Notificar o CEP sobre a alteração, e esperar a deliberação para a implementação das mudanças na execução do estudo.","Deve ser submetido o projeto ao CEP antes da execução de qualquer atividade prevista no projeto.","Certificar que o participante tenha ciencia do que será realizado e o seu consentimento para a execução.",,"O desvio ou Violação da execução deve ser notificada o quanto antes ao CEP. Deve ser avaliado a causa da alteração.",,"Verificar se o centro apresenta infraestrutura adequada para o projeto.  ",,6,Complete
28,"Inquérito (Arm 1: Inquérito)","Hillquias Monteiro Moreira",Masculino,"Planejamento, ética, recursos financeiros e recursos humanos qualificados.","Solicitar uma emenda ao comitê de ética ","Deve ser a primeira etapa ","Garantir o conhecimento ao paciente com finalidade do consentimento ","O participante é prioridade e padronização nos protocolos ","Rastreio e notificação do ocorrido ","Notificação e registro","Estrutura, proteção de dados e recursos humanos qualificados.","Uso de redcap e padronização dos protocolos ",9,Complete
29,"Inquérito (Arm 1: Inquérito)",Sayonara,Feminino,"Delegação   CRF   ISF  TCLE ","Solicitar uma ementa para incluir a alteração ao CEP ou patrocinador. ","No início. Nenhum projeto envolvendo seres humanos deve tramitar sem a aprovação do CEP, pois devem respeitar os efeitos éticos. ","Esclarecer a necessidade e importância do participante na pesquisa, comprovando a sua anuência. ","Proteção dos participantes   Rastreabilidade ","Registro em ata e acionamento do patrocinador. ","acionamento do comitê de ética e registro do evento adverso ","Estrutura física   Equipe qualificada   Disponibilidade ","Atualização contemporânea dos documentos e arquivamento de todos os documentos originais. ",9,Complete
30,"Inquérito (Arm 1: Inquérito)","Beatriz Nogueira",Feminino,"Resumo, Justificativa, Objetivos, Metodologia","O pesquisador deve deve enviar as alterações para apreciação do comitê de ética e somente aplicá-las após aprovação. ","Toda pesquisa que envolve seres humanos, seja para obtenção de material biológico ou de informações sobre ele, deve ser submetida à apreciação ética, afim de garantir a segurança e os direitos do participante durante a pesquisa. ","O TCLE tem como finalidade informar o participante todo o procedimento que ele passará durante o estudo, incluindo riscos e benefícios, e seus direitos,  além de garantir que ele participe de forma voluntária.","Segurança do participante  Qualidade dos resultados ","O procedimento deve ser registrado e medidas corretivas/preventivas devem ser implementadas","Notificar o patrocinador   Manter o participante em observação ","Infraestrutura  Equipe qualificada  Financiamento ","Documentar todos os ocorridos na pesquisa;  Utilizar uma plataforma/banco de dados confiável ",9,Complete
31,"Inquérito (Arm 1: Inquérito)","Talia Iasmin Pereira da Silva",Feminino,"ISF, CRFs, TCLE, Critérios de inclusão e exclusão, riscos e benefícios ","Solicitar uma emenda para apreciação do cep ","Antes de iniciar ","Garantir que todos os princípios éticos se apliquem ao participante ","Rastreabilidade dos dados e ética com o participante ","Acionar o Comitê de ética  e registrar o desvio ético ","Priorizar o bem estar do participante e registrar o a evento adverso ","Ter infraestrutura  Ter profissionais qualificados  Ter recurso   ","Registro de todos os dados de forma contemporânea e armazenamento em nuvem ",9,Complete
32,"Inquérito (Arm 1: Inquérito)","Poliana Lopes de Siqueira Tavares ",Feminino,"Objetivos  Justificativa   Metodologia   cronograma ","submeter uma emenda ao CEP e aguardar aprovação   antes de implementar alterações.","Antes de qualquer coleta de dados ou protocolos do projeto. Garantir a segurança ética e regulatória do estudo e garantir a segurança dos participantes.","Garantir a segurança e o respeito à autonomia do participante, assegurando que ele tome uma decisão voluntária e fundamentada sobre sua participação em um estudo.","Rastreabilidade  Vonfialibilidade dos dados","Mitigar e Notificar: Registrar o desvio + Comunicar o CEP / Patrocinador.  ​Investigar e Corrigir a Causa: Retreinamento + Ajuste do processo (CAPA).","Registrar e comunicar o evento adverso ao CEP e ao patrocinator.  Garantir assistência ao participante.  ","Estrutura e equipamentos  Equipe de pesquisa qualificada  Documentação regulatória ","Registro contemporâneo   Banco de dados rastreável ",9,Complete
33,"Inquérito (Arm 1: Inquérito)","Joyce Kellen Marques dos Santos ",Feminino,"Equipe qualificada, instalações adequadas, equipamentos apropriados e processos e procedimentos. ","Antes de implementar, a alteração precisa ser enviada para o CEP para poder obter a aprovação novamente. ","Em todos os momentos que envolver os seres humanos, porque precisa assegurar a segurança e o bem estar das pessoas participantes. ","É garantir a autonomia do participante, assegurando que ele receba todas as informações de forma clara e acessível, para decidir se quer participar do estudo clínico ou não. ","Prioridade do participante e confidencialidade e privacidade. ","Avaliar e mitigar os riscos imediatos desse desvio e registrar e notificar ao CEP. ","Prestar assistência médica ao participante e relatar e registrar o ocorrido conforme o protocolo. ","Pessoal qualificado, instalações adequadas e população e capacidade de recrutamento. ","Implementação de uma gestão de dados e documentação detalhada. ",9,Complete
34,"Inquérito (Arm 1: Inquérito)","Paulo Ricardo Freitas de Souza",Masculino,"Objetivos da pesquisa;  Metodologia do estudo;  Aspectos éticos, riscos e benefícios;  Plano de análise dos dados.","O pesquisador deve submeter a alteração como emenda ao CEP/CONEP e aguardar sua aprovação antes de implementá-la, salvo situações urgentes para proteger o participante.","Deve ser submetida ao CEP/CONEP antes do início da pesquisa, para garantir a proteção dos direitos, segurança, dignidade e bem-estar dos participantes.","Garantir que o participante decida voluntariamente participar da pesquisa, após receber e compreender todas as informações necessárias.","Proteger os direitos, a segurança e o bem-estar dos participantes.    Garantir a qualidade, integridade e confiabilidade dos dados da pesquisa.","Documentar e comunicar o desvio de protocolo.    Avaliar o impacto e implementar ações corretivas e preventivas (CAPA).","Avaliar e prestar a assistência necessária ao participante.    Registrar e comunicar o evento adverso conforme o protocolo e os prazos aplicáveis.","Equipe qualificada e treinada.    Infraestrutura e recursos adequados.    Capacidade de recrutar e acompanhar os participantes.","Registrar os dados de forma completa, precisa e no momento adequado.    Manter os documentos organizados, seguros e com histórico das alterações.",8,Complete
35,"Inquérito (Arm 1: Inquérito)","Milena Daniela Souza Silva ",Feminino,"Justificativa,  objetivos, aspectos éticos, metodologias ","Para o CEP será submetida com emenda e emplementada somente após aprovação  ética.","Antes do início da pesquisa, para garantir a proteção de direitos humanos, segurança, dignidade entre outros para promover o bem estar do participante.","Garantir que o participante compreenda a pesquisa como um todo e decida de forma livre a participação voluntária. ","proteger os direitos e bem estar, segurança  doa participantes bem como a integridade e qualidade dos dados da pesquisa.","Documentar e comunicar o desvio de protocolos. Entre outros","Avaliar e prestar a assistência necessária para o participante .","Infraestrutura e equipamentos adequados , equipe qualificada e treinada.","Registros completos , armazenamento dos dados de forma adequada e  segura.",8,Complete
36,"Inquérito (Arm 1: Inquérito)","LIANDRA DIAS DA SILVA",Feminino,"Objetivo, quem vai fazer parte da equipe, quais funções e quem será responsável por essas função, informações sobre todas as etapas","Informa ao CEP sobre a alteração e adicionar uma emenda informando sobre a alteração do projeto e anexar os documentos necessários podendo ser carta de anuência, dentre outros","Toda pesquisa que envolve seres humanos deve ser submetida ao CEP para garantir a integridade, segurança e bem-estar do participante","Garantir os direitos do participante mantendo o sigilo das informações obtidas afim de garantir o seu bem estar.  Além do participante ficar ciente e esclarecido sobre os riscos e benefícios","Confiabiliade dos dados e segurança dos participantes","Revisar o protocolo utilizado, informar o CEP sobre a modificação e o patrocionador, acessar os registros do procedimento realizado.","Registrar o ocorrido, garantir a segurança e o atendimento do participante em todo o processo, buscar a causalidade e comunicar ao patrocinador de imediato","estrutura adequada, equipe capacitada e sistema de qualidade","registro contemporaneo de todas as etapas e procedimentos realizados e notificação de desvios quando for o caso",9,Complete
37,"Inquérito (Arm 1: Inquérito)","Paulo Alexandre Sasputa Catimba ",Masculino,"introdução   TCLE/TALE  Orçamento   Cronograma ","Antes de implementar qualquer alteração no procedimento da pesquisa, o pesquisador deverá submetê-la previamente a apreciação do CEP. A alteração somente deverá ser implementada após a aprovação do CEP, salvo situações excepcionais previstas nas normas éticas, como medidas necessárias para eliminar um risco imediato aos participantes.","A pesquisa deve ser submetida previamente a apreciação ética do CEP antes de sua execução, pois é fundamental garantir a proteção, a segurança, a dignidade e os direitos dos participantes da pesquisa. Dessa forma, qualquer procedimento ou alteração que possa afetar os participantes deve ser previamente avaliado e aprovado pelo CEP antes de sua implementação. ","segurança, protecção ","Os dois objectivos fundamentais de boas práticas são direitos, a segurança e o bem-estar dos participantes .","Registrar e documentar imediatamente o desvio do protocolo, descrevendo o que ocorreu, quando ocorreu.     Avaliar o impacto do desvio e comunicar ao investigador responsável e, quando aplicável, ao CEP/patrocinador, adotando","1Prestar atendimento imediato ao participante e avaliar a gravidade do evento, garantindo sua segurança e o tratamento adequado quando necessário.  2Registrar e comunicar o evento adverso ao investigador responsável.","infraestrutura e recursos   equipa de pesquisa   capacidade operacional ","garantir o registro correto e completo dos dados ,garantir controlo e a segurança dos documentos e garantir o sigilo de todas informações colhidas no estudo ",5,Complete
38,"Inquérito (Arm 1: Inquérito)","Tássila de Oliveira Silva ",Feminino,"Objetivo  Cronograma  Metodologia  Problema a ser resolvido, ou que desencadeou o projeto/ pesquisa.  ","É necessário que seja redigida una emenda, onde a modificação deve ser apontada (e também uma versão do texto limpo) e por fim ser submetido ao CEP, para que haja a aprovação e então a modificação é aplicada. ","Antes de qualquer coisa a pesquisa deve ter ética. Sendo assim, antes mesmo do projeto de fato começar é necessária essa análise, ao fazer alterações nesse projeto, em qualquer análise adicional, etc. A ética é fundamental.","Garantir que o participante tenha ciência de tudo que lhe está sendo oferecido, autonomia para decidir tudo por si.","Garantir o bem estar dos participantes;   Garantir a confiabilidade dos dados oferecidos pela pesquisa. ","Notificar o CEP sobre o desvio e analisar sua gravidade.  Fazer um treinamento com a equipe para que não haja a repetição do erro. ","Prestar assistência imediata ao participante;  Notificar o patrocinador e o CEP nos prazos determinados. ","Os equipamentos;  A qualificação dos profissionais;  Capacidade de recrutamento  ","Implementação de uma trilha de auditoria;  Garantir que os dados sejam contemporâneos e exatos",8,Complete
