"Variable / Field Name","Form Name","Section Header","Field Type","Field Label","Choices, Calculations, OR Slider Labels","Field Note","Text Validation Type OR Show Slider Number","Text Validation Min","Text Validation Max",Identifier?,"Branching Logic (Show field only if...)","Required Field?","Custom Alignment","Question Number (surveys only)","Matrix Group Name","Matrix Ranking?","Field Annotation"
record_id,form,,text,"Record ID",,,,,,,,,,,,,
name,form,,text,NOME,,,,,,y,,y,,,,,
sex,form,,radio,SEXO,"1, Masculino | 2, Feminino",,,,,y,,y,,,,,
projeto_de_pesquisa,form,,notes," 1. Cite quatro elementos essenciais que devem constar em um projeto ou protocolo de pesquisa.",,,,,,,,y,,,,,
alteracao_do_projeto,form,,notes,"2.  Um procedimento de um projeto já aprovado precisa ser alterado. 
Qual deve ser a conduta do pesquisador antes de implementar a alteração?",,,,,,,,,,,,,
etica_em_pesquisa,form,,notes,"3.  Em que momento uma pesquisa envolvendo seres humanos deve ser submetida à apreciação ética e por quê?",,,,,,,,,,,,,
consentimento,form,,notes,"4. Em uma frase, qual é a principal finalidade do processo de consentimento livre e esclarecido?",,,,,,,,,,,,,
boas_praticas,form,,notes,"5. Cite dois objetivos fundamentais das Boas Práticas na condução de uma pesquisa clínica.",,,,,,,,,,,,,
desvio_do_protocolo,form,,notes,"6. A equipe identificou que um procedimento não foi realizado conforme previsto no protocolo. Cite duas ações que devem ser tomadas a partir dessa identificação.",,,,,,,,,,,,,
efeito_adverso,form,,notes,"7. Cite duas ações que devem ser adotadas pela equipe ao identificar um evento adverso durante a condução de um estudo clínico. ",,,,,,,,,,,,,
preparacao_do_centro,form,,notes,"8. Cite três aspectos que devem ser avaliados para determinar se um centro está preparado para conduzir um estudo clínico.",,,,,,,,,,,,,
dados_e_documentacao,form,,notes,"9. Cite dois cuidados essenciais para garantir qualidade e rastreabilidade dos dados e documentos de uma pesquisa.",,,,,,,,,,,,,
slider,form,,slider,"Avalie o quanto você sabe, hoje, sobre o assunto deste curso.",,,number,1,10,,,,RH,,,,
id_part_tassila,tssila_silva,,text,"ID do Participante",,,,,,,,,,,,,
amventassila,tssila_silva,"A. TESTE RAPIDO",yesno,"1. Amostra venosa disponivel para realizacao do teste? ",,,,,,,,,,,,,
asdtassila,tssila_silva,,radio,"2. RDT Numero de protocolo","1, ASD123",,,,,,,,,,,,
lottassila,tssila_silva,,radio,"3. RDT Numero de lote","123456, 123456 | 654321, 654321",,,,,,,,,,,,
datatassila,tssila_silva,,text,"4. Data de execucao do teste ",,,date_dmy,,,,,,,,,,
testestassila,tssila_silva,,yesno,"5. Testes rapidos realizados? ",,,,,,,,,,,,,
se_nao_tassila,tssila_silva,,radio,"Se NAO 
a. Por favor de um motivo ","1, Teste indice nao usado | 2, Amostra insuficiente | 3, Obtidos apenas dados invalidos | 4, Outros especifique",,,,,,,,,,,,
outro_tassila,tssila_silva,,notes,"Outro, especifique",,,,,,,[se_nao_tassila]=4,,,,,,
hora_inicio_tassila,tssila_silva,,text,"Se SIM, 
a. Hora que o teste iniciou",,,datetime_dmy,,,,,,,,,,
temumi_tassila,tssila_silva,,notes,"b. Temperatura",,,,,,,,,,,,,
repet_tassila,tssila_silva,,yesno,"c. O teste foi repetido? ",,,,,,,,,,,,,
outr_tassila,tssila_silva,,radio,"Se SIM, motivo","1, Sem linha de controle (invalido) | 2, Erro de operacao | 3, Outro, especifique",,,,,,,,,,,,
espe_tassila,tssila_silva,,notes,"Outro, especifique",,,,,,,[outr_tassila]=3,,,,,,
id_part_talia,talia_iasmin,,text,"ID do participante",,,,,,,,,,,,,
amostras_venosa_diponivel_talia,talia_iasmin,"A. TESTE RÁPIDO",yesno,"1. Amostra venosa disponível para realização de teste?",,,,,,,,y,,,,,
rdt_product_number_talia,talia_iasmin,,checkbox,"2. RDT Número do produto","1, ASD123",,,,,,,,,,,,
rdt_lot_number_talia,talia_iasmin,,checkbox,"3. RDT Número do lote","1234, 1234 | 5678, 5678",,,,,,,,,,,,
test_exect_date_talia,talia_iasmin,,text,"4. Data de execução do teste",,,date_dmy,,,,,,,,,,
rdt_performed_talia,talia_iasmin,,yesno,"5. Teste rápido realizado?",,,,,,,,,,,,,
se_nao_motivo_talia,talia_iasmin,,checkbox,"Se Não,
a. Por favor dê um motivo","1, Teste índice não usado | 2, Amostra insuficiente | 3, Obtidos apenas resultados inválidos | 4, Outro, especifique:",,,,,,,,,,,,
outro_especifique_talia,talia_iasmin,,text,especifique,,,,,,,"[se_nao_motivo_talia(4)] = '1'",,,,,,
se_sim_horario_talia,talia_iasmin,,text,"Se SIM,
a. Hora que o teste iniciou",,,time,,,,,,,,,,
temperatura_talia,talia_iasmin,,text,"b. Temperatura",,,number_1dp_comma_decimal,,,,,,,,,,
id_do_participante,thiago_morais,,text,"ID do participante",,,,,,,,,,,,,
amostra_ven,thiago_morais,,yesno,"1. Amostra venosa disponível para realização do teste?",,,,,,,,,RH,,,,
rdt_num,thiago_morais,,radio,"2. RDT Número do produto","1, ASD123",,,,,,,,RH,,,,
rdt_lot,thiago_morais,,radio,"3. RDT Número do Lote","123456, 123456 | 654321, 654321",,,,,,,,RH,,,,
data_exe,thiago_morais,,text,"4. Data de execução do teste",,,date_dmy,,,,,,RH,,,,
teste_rap,thiago_morais,,yesno,"5. Teste rápido realizado?",,,,,,,,,RH,,,,
se_nao,thiago_morais,,checkbox,"Se NÃO,
a. Por favor dê um motivo:","1, Teste índice não usado | 2, Obtidos apenas resultados inválidos | 3, Amostra insuficiente | 4, outro especifique",,,,,,"[teste_rap] = 2",,RH,,,,
outro_esp,thiago_morais,,text,"Outro, especifique",,,,,,,"[se_nao] = 4",,RH,,,,
se_sim,thiago_morais,,text,"Se SIM,
a. Hora que o teste iniciou",,,time,,,,"[teste_rap] = 1",,RH,,,,
id_part_rutilene,rutilene_souza,,text,,,,,,,,,,,,,,
sample_avaliable_rutilene,rutilene_souza,"A. TESTE RÁPIDO",yesno,"1. Amostra venosa disponível para realização do teste?",,,,,,,,y,,,,,
rdt_number_product_rut,rutilene_souza,,radio,"RDT número do produto","1, ASD123",,,,,,,y,,,,,
rdt_number_lote_rut,rutilene_souza,,checkbox,"RDT número do lote","1, 123456 | 2, 654321",,,,,,,y,,,,,
date_exec_test_rut,rutilene_souza,,text,"4. Data da execução do teste",,,date_dmy,,,,,y,,,,,
test_real_ruth,rutilene_souza,,yesno,"5. Teste rápido realizado?",,,,,,,,y,,,,,
if_yes_why_rut,rutilene_souza,,checkbox,"Se Não
a. Por favor dê motivo:","1, teste indice nao usado | 2, Amostra insuficiente | 3, Obtidos apenas resultados invalidos | 4, outro, especifique:",,,,,,,y,,,,,
other_if_yes_why_ruth,rutilene_souza,,text,"outro especifique:",,,,,,,[if_yes_why_rut]='3',,,,,,
if_yes_hour_rut,rutilene_souza,,text,"Se SIM,
a. Hora que o teste iniciou",,,date_dmy,,,,,y,,,,,
temp_rut,rutilene_souza,,text,"b. Temperatura",,,number_1dp_comma_decimal,,,,,y,,,,,
umid_rut,rutilene_souza,,text,"b. umidade",,,number_1dp_comma_decimal,,,,,y,,,,,
test_rep_rut,rutilene_souza,,yesno,"c. O teste foi repetido?",,,,,,,,y,,,,,
id_part,milena_silva,,text,"ID do participante ",,,,,,,,,,,,,
amostra_venosa_dispon_vel,milena_silva,,yesno,"1. Amostra venosa disponível para realização de teste?",,,,,,,,,RH,,,,
rdt_n_p,milena_silva,,radio,"2. RDT Número do produto","1, ASD123",,,,,,,,RH,,,,
rdt_nl,milena_silva,,radio,"3. RDT Número do Lote","1, 123456 | 2, 654321",,,,,,,,RH,,,,
dt_exe_t,milena_silva,,text,"4. Data de execução do teste",,,datetime_dmy,,,,,,RH,,,,Datediff
test_rap,milena_silva,,yesno,"5. Teste Rápido realizado?",,,,,,,,,RH,,,,
t_rapd,milena_silva,,radio,"Se Não, 
a. Por favor dê um motivo:","1, Teste índice não usado | 2, Amostra insuficiente | 3, Obtidos apenas resultados inválidos | 4, Outro, especifique:",,,,,,[test_rap]=0,,,,,,
outro_n,milena_silva,,text,"Outro especifique",,,,,,,[t_rapd]=4,,,,,,
test_hi,milena_silva,,text,"Se SIM, 
a. Hora que o teste iniciou",,,datetime_dmy,,,,,,RH,,,,
id_part_ana_luiza,ana_luiza,,text,"ID do participante",,,,,,,,,,,,,
amostra_venosa_analuiza,ana_luiza,,yesno,"1. Amostra venosa disponível para realização do teste?",,,,,,,,,,,,,
rdt_n_mero_do_produto_analuiza,ana_luiza,,radio,"RDT Número do produto","1, ASD123",,,,,,,,,,,,
rdt_n_mero_do_lote_analuiza,ana_luiza,,radio,"RDT Número do lote","123456, 123456 | 654321, 654321",,,,,,,,,,,,
data_de_execu_o_do_teste_analuiza,ana_luiza,,text,"Data de execução do teste",,,,,,,,,,,,,
teste_r_pido_realizado_analuiza,ana_luiza,,yesno,"Teste rápido realizado?",,,,,,,,,,,,,
se_n_o_a_por_analuiza,ana_luiza,,radio,"Se NÂO,
a. Por favor dê um motivo:","1, Teste índice não usado | 2, Obtidos apenas resultados inválidos | 3, Amostra insuficiente | 4, Outro especifique:",,,,,,,,,,,,
outro_especifique_analuiza,ana_luiza,,text,"Outro, especifique:",,,,,,,[se_n_o_a_por_analuiza]='4',,,,,,
se_sim_a_hora_que_o_teste,ana_luiza,,text,"Se SIM,
a. Hora que o teste iniciou",,,date_dmy,[data_visita],today,,,,,,,,
b_temperatura_analuiza,ana_luiza,,text,"b. Temperatura ",,,number,,,,,,,,,,
b_umidade_analuiza,ana_luiza,,text,"b. umidade",,,number,,,,,,,,,,
c_o_teste_foi_repetido,ana_luiza,,yesno,"c. O teste foi repetido?",,,,,,,,,,,,,
id_do_participante_poliana,poliana_lopes,,text,"ID DO PARTICIPANTE",,,,,,,,y,,,,,
av_disp_para_teste_poliana,poliana_lopes,,yesno,"1 . Amostra venosa disponivel para realização do teste?",,,,,,,,y,,,,,
n_do_produto_poliana,poliana_lopes,,radio,"2. RDT Número do Produto","1, ASD123",,,,,,,y,LV,,,,
n_lote_poliana,poliana_lopes,,radio,"3. RDT Número do Lote","1, 123456 | 2, 654321",,,,,,,y,LV,,,,
data_teste_poliana,poliana_lopes,,text,"4. Data de execução do teste",,,date_dmy,,,,,y,LV,,,,
rdt_real_poliana,poliana_lopes,,yesno,"5. Teste  rápido realizado?",,,,,,,,y,LV,,,,
nao_motivo_poliana,poliana_lopes,,checkbox,"Se NÃO,
5a. Por favor dê um motivo","1, Teste índice não usado | 2, Amostra insuficiente | 3, Obtidos apenas resultados inválidos | 4, Outro especifique",,,,,,,,LV,,,,
rdt_nr_motivo_poliana,poliana_lopes,,text,"Outro especifique",,,,,,,"[nao_motivo_poliana(4)] = '4'",,LV,,,,
hora_inicio_poliana,poliana_lopes,,text,"Se SIM,
5a Hora que o teste iniciou",,,time,,,,,y,LV,,,,
temp_poliana,poliana_lopes,,text,"5b. Temperatura",,,number_2dp,,,,,y,LV,,,,
umid_poliana,poliana_lopes,,text,"5b. Umidade",,,number_2dp,,,,,y,LV,,,,
campo_em_branco,poliana_lopes,,text,"Campo em branco",,,,,,,,,,,,,
id,crf_01,,text,ID,,,,,,,,y,,,,,
amostra_venosa_dispon_vel001,crf_01,,yesno,"1. Amostra venosa disponível para realização do teste?",,,,,,,,,,,,,
rdt_n_mero_do_produto,crf_01,,dropdown,"2. RDT Número do produto?","1, ASD123",,,,,,,y,,,,,
rdt_n_mero_do_lote,crf_01,,dropdown,"3. RDT Número do lote:","123456, 123456 | 654321, 654321",,,,,,,y,,,,,
data_de_excecu_o_do_teste,crf_01,,text,"4. Data de execução do teste:",,,date_dmy,,,,,y,,,,,
teste_r_pido_realizado,crf_01,,dropdown,"5. Teste rápido realizado?","1, Sim | 2, Não",,,,,,,y,,,,,
a_se_n_o_por_favor_d_um_mo,crf_01,,radio,"a. Se NÃO, por favor, dê um motivo:","1, Teste índice não usado | 2, Amostra insuficiente | 3, Obtidos apenas resultados inválidos | 4, Outro",,,,,,"""4,Outro""",y,,,,,
outro_especifique1,crf_01,,text,"a.1.Outro, especifique:",,,,,,,,,,,,,
a_se_sim_hora_que_o_teste,crf_01,,text,"a.2. Se SIM hora que o teste iniciou:",,,time,,,,,y,,,,,
temperatura1,crf_01,,text,"b.1. Temperatura:",,,number_4dp_comma_decimal,,,,,y,,,,,
b_2_umidade,crf_01,,text,"b.2. Umidade:",,,number_4dp_comma_decimal,,,,,y,,,,,
test_iniciat_carol,caroline_rodrigues,,text,"Se *SIM*,
a. Hora que o teste iniciou",,,date_dmy,[date_visita],now,,,,,,,,
option_not_carol,caroline_rodrigues,,radio,"Se *NÃO*,
a. Por favor dê o motivo:","1, Teste índice não usado | 2, Amostra insuficiente | 3, Obtidos apenas resultados inválidos | 4, Outros",,,,,,[option_not_carol]='3',,,,,,
test_fast_carol,caroline_rodrigues,,radio,"5. Teste rápido realizado?","1, SIM | 2, NÃO",,,,,,"[date_test_carol] = 'Sim' or [date_test_carol] = 'Não'",y,,,,,
date_test_carol,caroline_rodrigues,,text,"4. Data de execução de teste",,,date_dmy,[data_visita],now,,,y,,,,,
number_lote_carol,caroline_rodrigues,,checkbox,"3. RDT Número do Lote","1, 123456 | 2, 654321",,,,,,,y,,,,,
number_prodc_carol,caroline_rodrigues,,checkbox,"2. RDT Número do produto","1, ASD123",,,,,,,y,,,,,
amostr_dispon_carol,caroline_rodrigues,,yesno,"1. Amostra venosa disponivel para realização do teste?",,,,,,,,y,,,,,
id_part_carol,caroline_rodrigues,,text,"ID do participante",,,number,0001,2000,,,y,,,,,
id_participante,beatriz_nogueira,,text,"ID do participante",,,,,,,,y,,,,,
amostra_disponivel,beatriz_nogueira,"A. TESTE RÁPIDO",yesno,"Amostra venosa disponível para realização do teste?",,,,,,,,y,,,,,
rdt_produto,beatriz_nogueira,,radio,"RDT número do produto","1, ASD123",,,,,,,y,,,,,
rdt_lote,beatriz_nogueira,,radio,"RDT número do lote","123456, 123456 | 654321, 654321",,,,,,,,,,,,
data_execucao,beatriz_nogueira,,text,"Data de execução do teste",,,date_dmy,,,,,y,,,,,
teste_realizado,beatriz_nogueira,,yesno,"Teste rápido realizado?",,,,,,,,y,,,,,
teste_nao_realizado,beatriz_nogueira,,radio,"Se NÃO, por favor dê um motivo:","1, Teste índice não usado | 2, Amostra insuficiente | 3, Obtidos apenas resultados inválidos | 4, Outro",,,,,,"[teste_realizado] = '0'",y,,,,,
outro_motivo_nao_realizado,beatriz_nogueira,,radio,Espeficique,,,,,,,"[teste_nao_realizado] = '4'",,,,,,
hora_inicio,beatriz_nogueira,,text,"a. Hora que o teste iniciou",,,time,,,,"[teste_realizado] = '1'",y,,,,,
temperatura,beatriz_nogueira,,text,"b. Temperatura",,,number_1dp_comma_decimal,,,,"[teste_realizado] = '1'",,,,,,
umidade,beatriz_nogueira,,text,"b. Umidade",,,number_1dp_comma_decimal,,,,"[teste_realizado] = '1'",,,,,,
teste_repetido,beatriz_nogueira,,yesno,"c. O teste foi repetido?",,,,,,,"[teste_realizado] = '1'",,,,,,
motivo_repeticao,beatriz_nogueira,,radio,Motivo,"1, Sem linha controle (inválido) | 2, Erro de operação | 3, Outro",,,,,,"[teste_repetido] = '1'",,,,,,
outro_motivo,beatriz_nogueira,,text,Especifique,,,,,,,"[motivo_repeticao] = '3'",,,,,,
intensidade_linha_ctrl,beatriz_nogueira,"d. Intensidade da linha teste",dropdown,"Linha controle","1, G0 | 2, G1 | 3, G2 | 4, G3 | 5, G4 | 6, G5 | 7, G6 | 8, G7 | 9, G8 | 10, G9 | 11, G10 | 12, G11 | 13, G12 | 14, G13 | 15, G14 | 16, G15 | 17, G16 | 18, G17 | 19, G18 | 20, G19 | 21, G20",,,,,,"[teste_realizado] = '1'",,,,,,
intensidade_linha_t3,beatriz_nogueira,,dropdown,"Linha T3","1, G0 | 2, G1 | 3, G2 | 4, G3 | 5, G4 | 6, G5 | 7, G6 | 8, G7 | 9, G8 | 10, G9 | 11, G10 | 12, G11 | 13, G12 | 14, G13 | 15, G14 | 16, G15 | 17, G16 | 18, G17 | 19, G18 | 20, G19 | 21, G20",,,,,,"[teste_realizado] = '1'",,,,,,
intensidade_linha_t2,beatriz_nogueira,,dropdown,"Linha T2","1, G0 | 2, G1 | 3, G2 | 4, G3 | 5, G4 | 6, G5 | 7, G6 | 8, G7 | 9, G8 | 10, G9 | 11, G10 | 12, G11 | 13, G12 | 14, G13 | 15, G14 | 16, G15 | 17, G16 | 18, G17 | 19, G18 | 20, G19 | 21, G20",,,,,,"[teste_realizado] = '1'",,,,,,
intensidade_linha_t1,beatriz_nogueira,,dropdown,"Linha T1","1, G0 | 2, G1 | 3, G2 | 4, G3 | 5, G4 | 6, G5 | 7, G6 | 8, G7 | 9, G8 | 10, G9 | 11, G10 | 12, G11 | 13, G12 | 14, G13 | 15, G14 | 16, G15 | 17, G16 | 18, G17 | 19, G18 | 20, G19 | 21, G20",,,,,,"[teste_realizado] = '1'",,,,,,
rdt_interpretacao,beatriz_nogueira,,radio,"e. RDT interpretação dos resultados","1, Negativo | 2, Positivo para P falciparum e P vivax | 3, Positivo somente P vivax | 4, Positivo somente P falciparum",,,,,,"[teste_realizado] = '1'",,,,,,
anomalia,beatriz_nogueira,,yesno,"f. Alguma anomalia observada? ",,,,,,,"[teste_realizado] = '1'",,,,,,
tipo_anomalia,beatriz_nogueira,,radio,"Tipo de anomalia","1, Fundo vermelho | 2, Clareamento incompleto | 3, Traços de sangue | 4, Linha teste difusa | 5, Linha teste quebrada ou irregular | 6, Linha teste fantasma | 7, Outro",,,,,,"[anomalia] = '1'",,,,,,
outra_anomalia,beatriz_nogueira,,text,Especifique,,,,,,,"[tipo_anomalia] = '7'",,,,,,
hora_leitura,beatriz_nogueira,,text,"g. Hora de leitura do resultado",,,time,,,,"[teste_realizado] = '1'",,,,,,
comentarios,beatriz_nogueira,,text,Comentários,,,,,,,,,,,,,
respons_preench,beatriz_nogueira,,text,"Iniciais do responsável pelo preenchimento",,,,,,,,,,,,,
data_preenchim,beatriz_nogueira,,text,"Data do preenchimento ",,,date_dmy,,,,,,,,,,
amostr_desp_valid_do_teste,paulo_catimba,,yesno,"Amostra venosa disponível para realização do teste ",,,,,,,,,,,,,
rdt_n_me_produt,paulo_catimba,,radio,"RDT Número do produto","1, ASD123",,,,,,,,,,,,ASD123
n_mero_do_lot,paulo_catimba,,radio,"RDT Número do lote","A, 123456 | B, 654321",,,,,,,y,,,,,
data_execu_o_teste,paulo_catimba,,text,"Data de execução do teste",,,date_dmy,,,,,,,,,,
test_rap_rea,paulo_catimba,,yesno,"Teste Rápido Realizado?",,,,,,,,,,,,,
nao,paulo_catimba,,radio,"Se Não, 
a. por favor dê um motivo:","3, Teste indice não usado | 4, Obtidos apenas resultados inválidos | 5, Amostra insuficiente | Outro, especifique",,,,,,[nao]=2,,,,,,
outro_espec,paulo_catimba,,text,"Outro especifique",,,,,,,[nao]=5,,,,,,
sim,paulo_catimba,,text,"Se Sim,
a. Hora que o teste iniciou",,,time_hh_mm_ss,,,,[sim]=1,,,,,,
tempe_humidad,paulo_catimba,,text,"Temperatura/ unidade",,,number,,,,,,,,,,
o_teste_foi_repetido,paulo_catimba,,yesno,"O teste foi repetido?",,,,,,,,,,,,,
motivo_sim,paulo_catimba,,radio,"Se SIM, motivo:","1, Sem linha controle (invalido) | 2, Erro de Operação | Outros, especifique",,,,,,,,,,,,
outro_especifique,paulo_catimba,,text,"Outros especifique",,,,,,,[sim]=10,,,,,,
iinten_linh_test,paulo_catimba,,radio,"Intensidade da linha teste
Utilizar cartões de cor fornecidos
Registar apenas resultados válidos ","1, Linha controle | 2, Linha T3 | 3, Linha T2 | 4, Linha T1",,,,,,,,,,,,
interpreta_o_dos_resultados,paulo_catimba,,radio,"RDT interpretação dos resultados 
Registar apenas resultados válidos ","1, Negativo | 2, Positivo para ambos P.falciparum e P. vivax | 3, Positivo somente para P. vivax | 4, Positivo somente para P. falciparum",,,,,,,,,,,,
algm_anom_observ,paulo_catimba,,yesno,"Alguma anomalia observada?",,,,,,,,,,,,,
tipo_de_anomalia,paulo_catimba,,checkbox,"Se SIM, tipo de anomalia ","1, Fundo vermelho | 2, Clareamento incompleto | 3, Traços de sangue | 4, Linha teste difusa | 5, Linha teste quebrada ou irregular | 6, Linha teste fantasma | Outro, especifique",,,,,,,,,,,,
especifique,paulo_catimba,,text,"Outro especifique",,,,,,,[especifique]=16,,,,,,
hora_leit_result,paulo_catimba,,text,"Hora de leitura do resultado?",,,time_hh_mm_ss,,,,,,,,,,
comenta_data_inici,paulo_catimba,,text,"Comentários                                                         inicias e data do responsável pelo preenchimento",,,nome_usuario,,,,,,,,,,
id_part_alan,alan_kenndy,,text,"ID do Participante",,,,,,,,,,,,,
sample_avaliable_alan,alan_kenndy,,radio,"1. Amostra venosa disponível para realização de teste?","0, Não | 1, Sim",,,,,,,,,,,,
if_yes_why_alan,alan_kenndy,,radio,"Se SIM, motivo","1, Sem linha controle | 2, Erro de operação | 3, Outro especifique",,,,,,,,,,,,
outroespecifique_alan,alan_kenndy,,text,"outro especifique",,,,,,,[if_yes_why_alan]='3',,,,,,
asdsafd,alan_kenndy,,radio,afdasdf,"1, G0 | 2, G1 | 3, G2 | 4, G3 | 5, G4 | 6, G5",,,,,,,,,,,,
